"ID","Country","Year","Sex","LWingLength","LWingWidth","LBlackPatchApex","LAnteriorSpotM3","LPosteriorSpotCu2","RWingLength","RWingWidth","RBlackPatchApex","RAnteriorSpotM3","RPosteriorSpotCu2"
"1788128d-7d55-42b5-be08-0e4d35e7b6ca","United Kingdom",1821,"Female",22.594,13.071,8.685,2.935,1.041,22.752,13.359,27.868,2.923,0.825
"783d73f6-e3f7-4bbc-b4b3-655034c1ff8b","United Kingdom",1847,"Female",24.563,13.065,24.154,3.844,4.974,24.403,13.417,26.479,5.162,3.428
"b0b47ad5-f070-4453-a2ac-a3b5beab24dd","United Kingdom",1847,"Female",24.452,13.085,16.768,5.198,4.606,24.106,13.301,18.659,5.496,4.84
"96f1e5b3-86e5-4b2f-ba60-9e5d199b09ea","United Kingdom",1847,"Female",25.093,14.603,17.383,5.583,5.371,25.187,14.951,19.316,5.661,5.575
"708010cf-6fce-4d59-a465-427e70626035","United Kingdom",1847,"Female",22.952,12.848,18.275,4.554,3.833,22.946,12.834,20.357,4.243,3.787
"28354ac1-a0e7-4551-8290-f91b2c95cb6d","United Kingdom",1847,"Female",21.927,12.501,18.768,3.986,3.876,22.71,12.229,21.818,4.195,3.375
"8cdc4ccc-067f-4ec2-839f-aebadf9be57b","United Kingdom",1847,"Female",24.868,13.657,14.745,5.898,4.102,24.809,13.488,13.68,6.019,6.059
"a6f0dd30-02ce-476c-8bd0-8103ab2d8b77","United Kingdom",1859,"Female",22.33,13.787,20.735,3.384,3.675,22.371,13.472,22.46,3.298,3.497
"6ed713e7-7226-445c-a191-9b3e39f3c2c0","United Kingdom",1863,"Female",23.636,13.215,11.861,5.009,4.568,23.609,12.704,13.171,5.187,5.048
"b5bef281-edb3-42bb-b843-a1d5e09481f9","United Kingdom",1864,"Female",24.153,13.331,6.964,2.237,1.528,23.8,12.782,6.788,2.126,1.118
"af0cb78e-3480-4105-a57e-47228056459b","United Kingdom",1865,"Female",24.954,13.558,4.671,3.826,4.179,24.434,13.513,4.618,3.72,4.412
"a1729585-0aa5-404d-91be-cf65afca7fb4","United Kingdom",1866,"Female",22.972,11.798,0,1.584,0.624,23.011,11.892,0,1.369,0.752
"b8fcb0cb-54e3-4dea-81ad-d962637f0be6","United Kingdom",1876,"Female",21.9,12.158,18.578,3.63,2.717,21.487,12.205,19.667,3.781,2.792
"bfbcd047-11ac-4898-bf51-f51e207b302c","United Kingdom",1877,"Female",22.056,11.66,4.012,3.912,3.074,21.522,11.538,3.451,3.766,2.744
"03cdb6cb-5e7d-4a75-bb4d-c78145e81f2b","United Kingdom",1877,"Female",23.688,13.523,8.135,2.626,0.072,23.981,13.986,9.426,2.747,0.079
"1de24f02-86ab-462a-bb7a-ea1714bc928c","United Kingdom",1881,"Female",24.501,13.291,20.82,4.086,3.789,24.391,13.393,22.292,4.422,3.949
"e68fb579-dece-484c-8b7b-9a054dad79dd","United Kingdom",1884,"Female",24.062,13.144,7.914,3.768,4.126,23.651,13.2,9.517,4.107,4.49
"cd5c0a8a-f9e3-4431-9317-3aec47acaa5f","United Kingdom",1884,"Female",25.406,14,13.96,3.969,4.843,24.956,14.199,13.172,3.976,4.694
"c7b2a0e8-ae8b-4782-905e-5bc2b8a27ee7","United Kingdom",1884,"Female",22.951,11.554,0,1.522,1.304,22.786,11.027,0,1.735,1.735
"a51953a1-b2fc-45f9-969d-4f987994c353","United Kingdom",1884,"Female",23,12.316,0.318,1.061,0.342,22.492,11.964,0.485,1.043,0.467
"4289feee-88d4-4349-877a-3e5aeb9605b6","United Kingdom",1884,"Female",24.42,13.652,10.849,2.899,2.216,24.295,13.76,11.486,3.003,1.771
"ab32fc7d-ec97-41f0-9eca-71222470ac0a","United Kingdom",1884,"Female",24.565,13.617,11.251,2.956,2.26,24.326,13.876,11.605,3.062,1.805
"5ac42f44-4565-4594-8884-e7f46a8061e7","United Kingdom",1884,"Female",24.346,13.337,1.746,3.08,1.991,24.277,12.851,4.563,3.277,2.003
"3af1db71-8876-4c7b-872e-7803fd54311d","United Kingdom",1884,"Female",19.643,11.014,0.598,2.285,2.496,19.343,11.44,1.476,2.502,2.718
"77e7294c-96f5-4612-9c45-de17ec856c73","United Kingdom",1885,"Female",21.87,11.501,0.699,2.543,2.127,21.936,11.389,1.271,2.398,2.011
"2930fcfc-5d3d-44ae-9b03-5c87ee57ba11","United Kingdom",1885,"Female",22.103,12.077,0.064,0.655,0.736,22.319,11.95,0.324,0.66,0.828
"de9bb663-3ad8-4638-8adf-4fc96796ee22","United Kingdom",1885,"Female",23.079,12.872,2.688,2.42,1.564,22.763,11.991,5.168,2.144,1.9
"424bbe65-1034-4391-8dc1-60ec22ab938e","United Kingdom",1886,"Female",22.657,11.97,5.815,1.41,0.669,21.142,12.273,14.787,1.267,0.074
"7e50defd-8893-47d6-a014-40bc8830c949","United Kingdom",1886,"Female",22.096,12.523,13.101,4.168,3.014,22.455,12.716,15.084,4.119,3.033
"771ba2e4-a4d6-4743-b55e-a16ab0ee347b","United Kingdom",1889,"Female",21.299,13.297,1.975,2.195,3.846,21.76,13.327,1.926,2.431,4.055
"54d4c91b-4349-47c5-9c64-c65a699d82eb","United Kingdom",1889,"Female",23.706,13.915,9.932,2.043,1.648,23.761,13.781,9.248,2.162,1.437
"c669c4b8-f1cc-449d-9111-3946cc420e48","United Kingdom",1891,"Female",24.04,13.323,16.678,4.359,5.337,23.563,13.223,20.388,4.653,5.829
"ad0b9e20-c26f-417f-abf3-fbdd08295dac","United Kingdom",1891,"Female",22.711,12.923,0.472,2.277,1.052,22.705,12.92,0.511,2.346,1.216
"a52aee49-2ea4-4e8e-b4cf-a26767ddc2f5","United Kingdom",1891,"Female",24.147,13.158,17.045,4.337,5.433,23.249,13.23,20.679,4.677,5.934
"9015949c-e744-4663-97ff-300a70f4bd41","United Kingdom",1891,"Female",23.945,12.151,0,1.104,0.386,23.989,12.549,1.849,1.409,0.481
"df65480e-abef-4f5e-b72d-3c65d80eaa0e","United Kingdom",1891,"Female",22.288,12.84,1.012,2.716,2.353,22.334,12.883,1.989,2.699,2.647
"b588f2e2-b0da-44e3-abd8-1c329ced3e32","United Kingdom",1891,"Female",21.236,10.59,8.278,1.182,1.359,22.062,10.914,9.749,1.394,1.808
"5934ed7a-38c8-4e6e-9afa-5157bf3760a5","United Kingdom",1892,"Female",25.222,15.259,9.252,4.202,4.581,25.074,14.873,12.611,4.06,4.517
"3a9c2f70-f589-41e9-9e92-3d3511fb4961","United Kingdom",1892,"Female",27.4,14.845,37.079,5.724,2.882,26.942,15.128,36.401,6.02,3.091
"0fe206c2-0a22-4292-96a0-0faa7fde3d8e","United Kingdom",1892,"Female",23.906,12.713,0.109,1.569,0.218,23.539,12.95,0.138,1.772,0.291
"fc9f35e3-d2e5-48ba-960b-6b469dbfe794","United Kingdom",1892,"Female",22.107,13.573,6.192,2.807,2.041,22.165,13.622,9.387,2.866,2.075
"78fdd9ba-1221-4454-924d-70fa61744378","United Kingdom",1893,"Female",22.671,13.244,19.408,1.849,2.173,22.512,13.231,21.788,1.772,2.412
"a2949374-3632-41fe-8879-bddc01174ac2","United Kingdom",1893,"Female",20.605,11.532,0,1.558,2.564,20.096,11.257,0,1.615,2.551
"bb599889-223b-4cb5-a46a-dcbe9d197ccf","United Kingdom",1894,"Female",22.057,12.994,17.01,4.834,5.481,22.618,13.219,16.7,4.654,5.509
"5ecdcb18-c1cc-4968-a3b9-603b3d92db56","United Kingdom",1894,"Female",24.313,13.313,16.13,4.585,4.209,23.877,13.358,15.942,4.209,4.277
"21a08c10-a398-4b58-9a99-0aed40a0ef91","United Kingdom",1895,"Female",22.071,12.915,3.718,1.987,2.815,22.916,13.057,2.867,2.005,2.774
"6785cb07-a41a-41a5-92ca-9871465a3015","United Kingdom",1895,"Female",23.836,13.561,7.286,2.559,2.05,23.94,14.039,7.953,2.583,1.792
"e7eb32fc-42f9-42bb-b52a-344c39ffc82d","United Kingdom",1895,"Female",20.845,11.542,8.445,0,0,21.522,11.236,7.85,0,0
"075220ac-a392-419f-bf77-07a0bc32165f","United Kingdom",1895,"Female",22.592,13.271,15.258,1.772,2.143,22.919,12.757,15.419,1.466,2.272
"09622e91-358d-4c86-9412-0f34abe69e0e","United Kingdom",1895,"Female",22.059,12.356,5.298,1.622,1.657,21.91,12.744,7.938,2.053,2.916
"9902ae84-7d0a-47c1-beb9-c71e10fb3ba7","United Kingdom",1895,"Female",21.748,12.306,2.687,1.748,1.237,21.973,12.342,5.543,1.686,1.439
"68f908fb-f96c-4afe-b448-0207cc042ebd","United Kingdom",1895,"Female",22.007,12.163,0.93,2.443,3.968,21.888,12.05,2.567,2.714,4.398
"940bb2a3-d6d7-4a76-9936-ba3c3f532df8","United Kingdom",1896,"Female",21.27,11.52,14.84,3.246,3.366,21.43,11.62,15.43,3.079,3.455
"c347c78b-291b-4c2e-8039-845a296c0a45","United Kingdom",1896,"Female",24.91,13.696,0.978,3.366,1.376,24.569,13.485,0.998,3.309,1.369
"412bd7ea-3c0e-4454-a303-df1b0cce34cf","United Kingdom",1897,"Female",21.965,13.281,22.667,3.912,3.814,21.97,13.269,24.352,3.912,4.376
"b1d10e9b-7226-40a3-afb0-3dfb37e48360","Republic of Ireland",1898,"Female",21.502,12.649,10.047,1.849,1.119,21.932,12.493,12.948,2.233,1.325
"28337d1e-4e5d-4ede-80c9-69e18b292d29","United Kingdom",1899,"Female",22.358,12.715,1.316,1.543,0.894,22.121,12.282,1.003,1.805,1.155
"6a34cb29-ce97-4d6d-8466-7f366a064490","United Kingdom",1899,"Female",21.562,12.635,4.763,1.181,1.375,21.56,12.436,5.214,1.106,1.344
"36c645b6-821d-4d76-94b3-1d5a6ef80e0c","United Kingdom",1899,"Female",19.314,10.17,10.998,1.366,0.622,19.231,10.473,11.132,1.451,0.732
"c48fe7bc-1c95-40b1-ba87-a4af9ba08909","United Kingdom",1899,"Female",24.699,14.432,24.351,4.881,6.505,25.096,14.493,25.963,5.894,7.136
"b1d44c1d-8b31-4b1c-82f5-63fdfac973ed","United Kingdom",1900,"Female",22.697,12.988,17.12,3.624,3.715,22.834,13.143,17.022,3.846,3.481
"dfd3beb8-08f5-464c-a51a-cd4f312adf6a","United Kingdom",1900,"Female",24.848,13.421,18.23,5.261,7.218,24.854,13.961,24.443,5.565,7.773
"a6f9af86-fa91-4dde-81ef-266b6d72301e","United Kingdom",1900,"Female",24.043,14.617,17.356,5.208,4.953,25.719,14.837,17.546,5.566,5.661
"d64203a2-e92b-409c-b4e7-92481c2817b3","United Kingdom",1901,"Female",23.229,13.558,14.853,2.643,3.723,23.238,13.369,15.471,3.974,4.417
"ab93b015-b7ff-491d-9f3b-63f46947c32c","United Kingdom",1901,"Female",24.097,14.355,22.097,5.186,5.349,24.279,14.549,22.551,5.396,5.017
"ad696690-bffe-4574-ae4a-18655eb6b81b","United Kingdom",1901,"Female",22.795,13.286,17.834,3.781,4.462,22.536,13.113,19.189,4.207,4.675
"f5ef933f-c59b-40c4-80be-b53c5ccf947f","United Kingdom",1902,"Female",21.209,12.342,5.232,1.005,0.696,21.657,12.169,5.399,1.031,0.541
"3d65e380-8eaa-46c3-b365-32084b67dabf","United Kingdom",1903,"Female",21.208,12.852,12.442,2.563,3.976,21.631,12.862,13.748,3.008,4.237
"792c7e3e-d50b-42e7-941f-5a406a277814","United Kingdom",1903,"Female",22.132,12.341,6.419,1.81,1.391,22.259,12.381,7.048,1.35,0.611
"7621e313-bfc6-41ff-bbb8-fa518cb759a8","United Kingdom",1904,"Female",21.77,12.179,9.909,4.072,3.982,21.925,12.08,11.188,4.126,3.982
"556e6ff7-1fdc-4b35-9841-0b89979a9efe","United Kingdom",1904,"Female",21.395,11.659,7.689,3.39,4.45,21.195,11.717,7.954,3.371,4.015
"2fdec4cf-fa09-4e8b-b17d-58f69149ae0e","United Kingdom",1905,"Female",21.757,12.204,0,1.231,1.62,21.136,12.623,0,1.219,1.428
"28449912-c496-4be8-8542-1af6cf3b61a5","United Kingdom",1905,"Female",23.196,13.565,3.186,1.94,1.679,23.112,13.003,3.075,1.999,1.978
"07edffe6-137d-4202-b416-44e6ce94bf14","United Kingdom",1906,"Female",21.16,11.643,2.156,1.684,1.394,21.088,11.917,5.016,1.92,1.855
"7977fc5b-7239-4694-bca8-838e801a57e5","United Kingdom",1907,"Female",25.05,14.28,7.484,4.308,4.55,25.15,14.37,9.981,0,0
"9ad00a33-58b7-403e-b38e-3504af0f1db8","United Kingdom",1907,"Female",23.915,13.075,18.5,3.997,0,23.553,13.33,19.134,4.138,0
"a32aea85-26b3-44c7-815b-c55fa91921a8","United Kingdom",1912,"Female",24.642,14.41,6.382,3.731,3.129,24.499,14.004,0.647,0.015,0.046
"acff479a-17b7-4c73-b159-c178fd57b0bc","United Kingdom",1912,"Female",25.242,15.146,2.17,4.419,6.704,25.523,15.323,2.806,4.36,4.845
"cd9b8aad-c9bb-4b78-bb9b-860c368d07e4","United Kingdom",1912,"Female",24.608,14.364,6.157,3.803,4.107,24.411,14.12,13.141,3.831,4.623
"0a4dbeea-0f5b-4340-a9d8-a6849b12b56d","Republic of Ireland",1913,"Female",23.24,13.748,5.513,3.815,4.143,23.269,13.752,8.03,4.216,4.739
"c20d96c8-4be2-4518-a769-c4d37e67ad24","Republic of Ireland",1913,"Female",23.522,13.625,12.241,4.439,5.151,23.315,13.496,17.554,4.672,5.101
"6bfd168d-614b-499e-a7c2-45361b29fe27","Republic of Ireland",1913,"Female",22.739,12.729,5.875,2.564,1.887,22.608,12.319,12.105,2.749,1.859
"112ab03a-166f-44b7-9857-b16a1713b23c","Republic of Ireland",1913,"Female",19.725,11.368,3.383,1.83,1.312,19.559,11.224,4.624,1.78,1.659
"43514798-3525-4a67-9d8f-335117fa59a6","Republic of Ireland",1913,"Female",23.721,12.905,16.05,3.498,3.744,23.145,12.946,18.498,3.983,3.715
"ff9a62fa-20d8-40b2-8a2e-1947d4ee4dab","Republic of Ireland",1913,"Female",23.394,13.883,0.838,2.09,1.809,22.201,13.293,0.827,1.638,1.61
"790db99c-eb57-4148-98c4-5e0c7b3e005b","Republic of Ireland",1913,"Female",20.839,11.19,0.392,0.444,2.258,22.233,11.908,2.469,0.78,2.504
"7dbad7dc-dd8a-4337-b91c-2cc86b1f7d69","Republic of Ireland",1913,"Female",20.883,12.059,0,0.483,0.222,21.327,11.457,0,0.423,0.226
"48037d80-63af-4218-9b34-f796b8d99b95","Republic of Ireland",1913,"Female",23.811,13.465,6.825,2.379,2.751,23.551,13.051,3.476,1.997,2.55
"7995dbe0-94eb-40a1-8166-4b7a5879a39b","Republic of Ireland",1913,"Female",23.322,13.409,2.594,1.777,1.381,23.097,13.116,2.341,1.98,1.797
"5293d842-0ec6-4362-b3c7-706e162b17eb","Republic of Ireland",1913,"Female",24.574,13.388,5.408,2.639,2.754,24.21,13.356,5.105,3.02,2.759
"798e3e73-8834-46b2-9987-fd7d4a38b12d","Republic of Ireland",1913,"Female",21.411,12.142,2.066,1.393,0.51,21.684,11.886,2.51,1.321,0.755
"60b9398c-434b-48bd-b245-8994456ee71b","United Kingdom",1913,"Female",24.514,13.952,9.106,4.437,3.917,24.61,14.027,7.755,4.748,4.339
"3b90ae59-a583-4444-b9a2-847588f7bfb6","Republic of Ireland",1914,"Female",21.589,12.459,22.231,7.209,8.565,21.924,12.609,24.426,6.94,7.92
"6141cd7b-fa85-44b0-a9e4-ab9c8dbf1742","Republic of Ireland",1914,"Female",23.119,13.682,23.462,7.248,7.85,23.475,13.853,25.178,8.282,8.812
"88c7e6d9-c419-4692-9083-74ccd03c7850","Republic of Ireland",1914,"Female",23.45,13.369,24.494,10.23,7.802,23.448,13.328,25.07,10.086,9.044
"b9d10999-366d-4f6d-9ec7-63330ddb611c","Republic of Ireland",1914,"Female",22.193,12.702,23.826,6.988,7.142,22.278,12.759,23.214,6.756,6.878
"a0786c09-aa1a-49cd-bab7-194a4664ae0c","Republic of Ireland",1914,"Female",24.641,13.147,27.471,7.251,9.802,23.64,13.267,23.957,6.786,7.664
"e4d4cb44-8a8b-4df2-bc5c-c07f2402cee9","Republic of Ireland",1914,"Female",22.724,12.76,23.692,7.676,7.838,22.872,13.028,21.802,9.127,6.805
"81ef1965-3742-4fcb-98b9-b109ee7933df","United Kingdom",1914,"Female",23.322,13.543,13.796,5.588,4.795,23.492,13.151,13.38,5.285,4.369
"80ed62fa-7a6f-435a-affa-414447c963fe","United Kingdom",1914,"Female",23.81,13.667,6.839,4.032,4.002,24.059,13.543,7.885,3.834,3.883
"b880fea1-8632-4842-a7b8-69d4dbd478ee","United Kingdom",1914,"Female",18.534,11.073,8.264,1.183,0.988,18.312,10.574,10.317,1.81,1.225
"9b8e548f-0651-4bb0-9728-0f89d4b2a55d","United Kingdom",1914,"Female",22.665,12.705,1.611,1.599,1.854,22.497,13.098,1.48,1.474,1.956
"98dfb6e7-92e6-4aeb-a12f-911a1d6be972","United Kingdom",1914,"Female",22.103,13.21,15.574,3.869,2.7,22.161,13.027,17.167,3.688,2.916
"f6e291a2-c691-4304-adb1-54e043038606","United Kingdom",1914,"Female",23.931,13.319,14.649,3.679,5.262,23.255,13.039,18.284,3.657,5.641
"464a0362-7e1d-446f-83ed-258f7920e02e","United Kingdom",1914,"Female",21.48,11.312,3.531,1.119,1.856,21.349,11.558,7.505,1.863,2.533
"71d05fa2-4bfa-445a-a24f-913288023d33","United Kingdom",1914,"Female",21.98,12.532,7.124,1.996,2.021,22.01,12.078,9.176,2.083,2.12
"e8819caf-efc7-4595-b8b4-7cb015616813","United Kingdom",1914,"Female",22.496,12.618,14.305,3.308,1.725,21.753,12.456,17.302,3.444,1.648
"2acd4dea-4f9d-4682-809a-e2e3eb758139","United Kingdom",1914,"Female",22.851,13.834,16.925,3.431,2.289,22.37,13.706,18.73,3.636,2.494
"6c4e8950-7253-4371-a6d4-bc29797fe564","United Kingdom",1914,"Female",23.808,13.713,1.624,2.346,2.665,23.55,13.917,2.604,2.141,3.025
"adef1fa7-8c2e-4fc2-9748-3fcaafe7c5f8","Republic of Ireland",1915,"Female",18.996,10.718,6.833,2.352,1.826,18.685,10.508,10.042,2.409,2.212
"292d4967-52b9-43e4-8f08-524d87f218fe","Republic of Ireland",1915,"Female",19.881,10.993,12.923,2.359,1.313,19.711,10.867,14.342,2.457,1.716
"1d743fce-fdd0-4936-9a8a-a01f641c35c9","Republic of Ireland",1915,"Female",22.456,11.839,13.389,3.015,3.665,21.621,11.286,15.38,3.072,2.825
"0b69fff5-b1a7-4308-acf9-99a8d29a6baf","Republic of Ireland",1915,"Female",20.112,10.805,1.903,0.902,0.54,19.88,10.425,2.755,1.229,0.703
"b08e9e5a-292c-4bb3-8586-a3e1b22e4919","Republic of Ireland",1915,"Female",21.618,12.014,0.514,1.421,0.893,21.039,11.449,2.485,1.721,1.171
"f9d21c36-cc53-4516-bf03-af36b0223aa5","Republic of Ireland",1915,"Female",20.384,12.303,12.225,2.254,1.665,22.265,12.732,14.034,2.785,1.945
"9e72e6b6-098a-47b3-bd8c-331299cad1d4","Republic of Ireland",1915,"Female",19.87,11.732,6.571,1.76,1.564,20.852,11.9,9.904,1.788,1.53
"1b906e12-e6e2-4a92-91db-4f146bd48234","Republic of Ireland",1915,"Female",19.331,10.801,7.02,1.972,1.644,19.803,11.023,9.709,2.301,1.914
"217209ea-c9c5-410e-82fd-0861db50acd3","Republic of Ireland",1915,"Female",24.701,13.616,2.424,3.251,4.592,23.969,13.549,3.143,3.327,4.627
"2a9a924e-af5c-4f78-a5ae-adc44f8c8afe","United Kingdom",1915,"Female",24.712,13.354,7.182,3.411,2.699,24.635,14.031,16.124,4.06,3.677
"4b8fa251-d5d5-45cc-9d96-95823d45a390","United Kingdom",1915,"Female",22.77,12.125,0.031,2.075,1.092,21.024,12.099,0.031,1.91,1.258
"f9700987-c88b-4a2d-8e49-274fd288bd2c","United Kingdom",1915,"Female",23.112,12.838,5.175,1.814,2.632,22.384,11.67,3.39,1.962,2.305
"360d4e4d-c188-4293-aa86-ae21027fa125","United Kingdom",1915,"Female",23.22,13.254,4.095,3.161,2.549,23.579,12.5,7.039,3.3,2.306
"9eeb8eec-6109-4025-9633-bcbb81c1708e","United Kingdom",1915,"Female",25.884,14.052,11.376,4.017,4.889,26.226,13.941,11.949,3.953,4.895
"3bb9b7a5-3a24-4017-af38-1ddfac58303e","United Kingdom",1915,"Female",23.221,13.608,14.545,4.75,4.093,24.636,13.48,18.179,4.95,4.063
"103a6a85-0443-4c43-8f6d-be0927b71552","United Kingdom",1915,"Female",21.268,11.508,3.566,1.402,2.458,20.963,11.717,4.017,1.524,2.666
"6d6ad77c-2484-4283-8fa2-133b5df981be","United Kingdom",1916,"Female",23.614,13.39,3.368,2.224,3.145,23.703,13.397,4.101,2.346,3.302
"db1070f0-d9d6-4e13-8309-6af89aa16dfa","United Kingdom",1918,"Female",21.741,11.895,0.243,2.768,0.95,21.884,12.186,0.226,2.91,1.12
"087e2f4e-3532-4f4c-8da3-86463eec4916","United Kingdom",1918,"Female",21.913,11.486,3.423,0.947,0.492,22.09,11.722,3.992,1.386,0.581
"0071d149-f187-4256-beca-a79fa63565d2","United States",1918,"Female",22.938,13.115,14.421,2.122,0.124,22.938,13.028,12.149,2.045,0.115
"911dc6e3-1103-4227-ab18-8fcc62dace9c","United Kingdom",1919,"Female",20.313,11.218,1.554,1.762,0.931,20.372,10.758,2.916,1.677,1.131
"c5cbdc31-ce58-4824-9c11-7aedf0897405","United Kingdom",1919,"Female",23.444,13.18,0,2.18,2.47,23.676,12.868,0,2.021,2.658
"57106d83-fdd1-4a6b-8c4d-943be1854b66","Republic of Ireland",1920,"Female",24.32,14.69,0.691,4.43,3.38,23.83,14.44,4.31,4.2,3.11
"c96315c4-1186-4310-8aca-214b1f62e98e","Republic of Ireland",1920,"Female",23.45,13.06,8.02,3.47,3.89,23.16,13.24,9.24,3.5,4.22
"b5f01c46-59d4-4841-b82f-f80d2ea2dc37","Republic of Ireland",1920,"Female",24.231,13.785,11.335,4.521,5.251,24.157,13.917,11.988,4.307,5.41
"b8211e16-c435-4e09-9145-fd9090ad8e74","Republic of Ireland",1920,"Female",24.8,14.395,1.195,2.955,2.912,25.353,14.924,1.485,3.303,3.086
"c3400562-c01a-4a84-98f0-114ae83230b3","Republic of Ireland",1920,"Female",23.947,13.935,17.334,3.07,2.022,23.999,11.899,14.452,1.748,1.719
"85870eae-66f9-41dc-b45f-4a0d138d27e5","Republic of Ireland",1920,"Female",24.897,14.34,12.799,3.392,3.451,24.744,14.296,13.399,3.436,3.839
"82f21973-0f11-4cac-a7dc-dc0b334f2d84","United Kingdom",1920,"Female",21.909,11.826,2.16,1.678,0.459,21.879,11.665,2.044,1.568,0.505
"7fd29ec3-bf56-4126-98ce-79257aa4ae7d","United Kingdom",1920,"Female",23.419,14.245,12.314,3.753,3.044,24.48,14.131,12.49,3.964,3.765
"55141247-0998-4d6b-ab38-89203203df76","United Kingdom",1920,"Female",25.121,14.556,3.304,4.131,3.014,24.773,14.464,5.842,4.057,3.493
"cb89cfc7-1f05-42c9-927b-4b1afe42add4","United Kingdom",1920,"Female",22.785,13.141,5.727,3.706,2.693,22.947,13.078,9.498,3.751,2.362
"d9ad9642-8d21-4f87-bdee-ead354a5f5e8","United Kingdom",1920,"Female",22.828,13.344,1.524,2.857,0.893,22.661,13.502,1.846,2.897,0.87
"d0f7d1df-18ca-448c-872a-f35760865673","United Kingdom",1920,"Female",23.425,13.428,4.294,1.352,2.095,23.593,13.232,3.818,1.59,2.229
"c8ce64cc-6919-4d9c-88ee-3f2328cd29d1","United Kingdom",1920,"Female",23.637,12.999,4.995,3.245,3.307,23.224,13.21,4.85,3.038,3.178
"99068ec4-323d-4e49-93ac-ab5e4467d02d","United Kingdom",1920,"Female",22.348,12.489,14.026,1.804,2.625,21.814,12.424,13.636,2.112,2.481
"fb3e9c6d-cb7c-4bde-b4ab-ed614e9c3b1d","United Kingdom",1920,"Female",22.65,12.312,12.67,1.346,0.662,22.435,12.293,14.927,1.573,0.849
"ff0cac05-fb49-42e5-bea5-c3f7e9153d4c","United States",1920,"Female",26.24,15.39,1.8,0.59,0.66,26.95,14.38,1.86,0.58,0.57
"1c1b42b6-ada0-4e88-8102-b69c5dfb4378","Republic of Ireland",1921,"Female",24.012,14.688,24.016,3.78,5.169,24.078,14.72,25.618,4.307,5.717
"4f80371e-7e46-4950-ba36-2e6a655286d8","Republic of Ireland",1921,"Female",23.856,13.804,13.31,4.112,3.797,23.785,13.683,12.796,4.35,3.919
"22d8650d-2fac-40ca-a33f-3de393a50466","Republic of Ireland",1921,"Female",21.157,12.642,15.82,3.595,3.181,21.652,12.783,17.021,3.841,3.525
"5edcd36a-a765-454d-a757-d4e0eed5ac55","Republic of Ireland",1921,"Female",22.486,12.809,16.832,3.307,2.451,22.552,12.691,15.028,3.223,2.17
"6254adf8-9ed7-46ed-a200-32b981e66260","Republic of Ireland",1921,"Female",21.207,13.458,12.18,4.088,3.559,21.933,12.783,10.931,4.336,3.22
"ae1aadb0-d7a1-4b6e-adf0-bab69a79e1a3","Republic of Ireland",1921,"Female",21.234,13.928,19.046,3.636,3.501,21.18,13.643,20.407,3.771,3.792
"b71c70c1-2dd8-4369-b1cb-257e6383ce17","Republic of Ireland",1921,"Female",21.648,12.962,9.612,3.385,2.107,22.104,12.706,9.462,3.456,2.321
"d1bec7d4-898d-4883-83c1-93171b14a88d","Republic of Ireland",1921,"Female",23.235,13.079,10.104,4.266,3.267,23.13,13.012,11.553,4.411,3.267
"d5e4f9e4-4073-440f-8d7c-e38858508237","United Kingdom",1921,"Female",22.916,13.615,0.696,3.071,2.564,22.789,13.568,1.503,3.148,2.675
"622721d0-fdee-45d9-8c45-deded147e6e0","United Kingdom",1921,"Female",23.782,13.903,6.625,4.094,5.642,23.647,13.054,7.344,4.115,4.958
"f39be219-0d13-4654-a03a-56921e4aba6a","United Kingdom",1921,"Female",21.812,11.991,13.652,2.65,1.896,21.839,11.715,14.787,2.708,1.731
"da33183a-4106-490c-a08a-badae72ec1bd","United Kingdom",1921,"Female",23.632,12.488,14.062,3.993,2.533,23.059,12.851,14.899,4.079,2.855
"cace17da-e48c-47dc-80e9-0d124b65c5d1","United Kingdom",1921,"Female",18.099,9.976,3.907,2.273,1.816,17.864,10.388,4.2,2.45,1.957
"1909c66b-f5c0-4212-8179-d6425f6dd4c0","United Kingdom",1921,"Female",21.525,12.352,17.257,2.334,0.838,21.447,12.571,18.308,2.34,0.81
"80a09f60-aad7-4976-b861-eed139a8768e","United Kingdom",1921,"Female",22.801,13.431,14.444,3.583,3.723,22.947,13.281,13.856,3.572,3.572
"307cb9fc-aac8-49b0-8df7-95632c9af6fc","United Kingdom",1921,"Female",22.473,13.111,2.249,1.818,0.367,21.759,12.706,3.788,1.084,0.309
"3ece7bf3-7a0f-4a18-b7f7-501bc164f796","United Kingdom",1921,"Female",22.357,12.758,9.547,3.827,3.774,22.109,12.994,9.623,3.733,4.097
"89078bae-efae-4b8d-b71f-ac4faafebc19","United Kingdom",1921,"Female",21.177,12.218,6.685,2.605,2.829,21.201,12.154,8.703,2.528,2.793
"e79a48d1-d9ed-42bd-93fb-71ac777ead5a","United Kingdom",1921,"Female",20.844,12.416,4.329,1.74,0.377,21.499,12.295,7.725,1.728,0.767
"aae929e2-0059-4693-8b47-acdc7bbdab55","United Kingdom",1921,"Female",23.048,13.282,9.791,3.064,2.905,22.665,13.377,9.891,2.857,2.698
"b1808681-ca7c-453d-a5a2-9da42ddd820f","United Kingdom",1921,"Female",22.466,13.142,2.201,2.456,1.385,22.851,12.959,3.568,2.55,1.538
"81939cad-7608-44d6-ae07-60b45e89732e","United Kingdom",1921,"Female",18.798,10.007,4.703,1.361,1.355,20.44,10.543,7.589,1.462,1.284
"9294251b-84d7-4e53-af1e-b626765086e8","United Kingdom",1921,"Female",22.856,12.63,2.073,3.373,2.692,22.807,12.409,1.743,3.329,2.788
"fc21210a-bdb0-40f1-82ff-a0bc25b13c3a","United Kingdom",1921,"Female",19.775,11.783,10.701,1.803,1.225,19.809,11.692,12.877,1.733,1.395
"eeee0940-f602-4462-a55d-a30af2f7dc10","United Kingdom",1921,"Female",23.314,13.069,1.332,2.941,2.145,23.444,12.871,1.488,2.837,2.318
"d0a54f7e-69de-4dac-8a48-4169023fb238","United Kingdom",1921,"Female",22.551,12.632,4.813,3.289,3.099,22.978,12.439,4.397,2.995,2.874
"b72668e6-6430-4a14-866e-afb8d0c1f628","United Kingdom",1921,"Female",21.895,12.418,5.748,1.938,2.285,22.423,12.519,8.747,2.187,2.355
"71aa623b-facd-49b6-8de1-9b1bc28bb238","United States",1921,"Female",24.671,14.082,26.79,6.862,6.355,24.64,13.863,27.859,7.067,5.98
"a8a89187-dce8-444e-846a-5071170d2938","United Kingdom",1922,"Female",26.241,16.183,24.648,3.913,4.9,26.38,15.949,24.784,5.973,5.708
"89d0fbdc-313e-4ff7-966b-1020d3354eb4","United Kingdom",1922,"Female",23.199,13.402,5.623,2.174,1.839,23.351,13.048,5.079,2.278,2.111
"20117baa-b7dc-441f-bfe0-e1663b785c61","United Kingdom",1922,"Female",20.719,12.099,11.993,1.827,0.609,20.898,12.175,12.287,1.932,0.945
"b802754a-d14c-4f0a-a83d-96bfce335342","United Kingdom",1922,"Female",24.303,12.806,14.548,4.338,2.827,24.441,13.048,14.814,4.32,2.738
"9cba1f90-0a8b-4627-b677-7d135fa096f9","United Kingdom",1922,"Female",21.67,11.28,9.125,2.297,2.748,21.56,11.457,10.027,2.256,2.85
"2264e62b-abcc-4fcd-a3a9-3a0014c2cbd0","United States",1922,"Female",19.27,12.09,0,0.28,0.13,19.82,11.67,0,0.3,0.13
"2f496bff-730e-4af0-a505-473045a7eed1","United Kingdom",1923,"Female",22.295,12.854,13.061,2.02,4.287,22.174,12.815,16.013,2.411,4.074
"3d13d194-13a2-4631-8649-e85be9baf6c3","United Kingdom",1923,"Female",22.639,12.094,1.791,1.908,1.409,23.059,11.994,1.814,2.055,1.479
"403349f0-e132-4b2c-be1d-6a0ad11ccb45","United Kingdom",1923,"Female",22.146,12.195,1.553,1.884,1.877,22.262,12.298,1.639,2.168,2.241
"63f73c89-ea5d-4e29-b9f6-9e5518942b25","United Kingdom",1923,"Female",23.975,13.399,2.267,1.309,1.811,22.979,13.078,8.54,1.692,2.518
"cc0c5cc8-7181-48ba-85f6-b3f6f3e0d4f5","United Kingdom",1923,"Female",23.542,13.163,16.565,1.86,2.041,23.511,13.147,19.005,2.082,1.965
"bd0dfd02-6ffe-4ab8-a715-1034d599abd5","United States",1924,"Female",26.458,14.376,5.355,1.391,1.317,27.047,14.555,5.931,1.677,1.476
"1ca76238-b5ff-497f-a9e7-3e913e75cee1","United Kingdom",1925,"Female",24.659,14.278,16.953,1.62,0,24.514,14.337,18.95,1.945,0
"baaf35cf-2add-44b9-8522-e38f68938ec6","United Kingdom",1925,"Female",23.551,13.249,5.552,0.06,0,23.666,12.839,7.704,0.114,0
"f7681e1b-f82c-4236-9725-f42701ed52f0","United Kingdom",1925,"Female",20.05,11.247,1.748,2.301,2.132,19.49,11.388,5.074,2.196,2.086
"0166e15c-1433-480f-bb81-f8e7628c1fd5","United Kingdom",1925,"Female",20.454,10.674,4.033,0.895,0.771,20.802,11.297,1.931,1.106,0.989
"9d03456b-838c-408f-a771-342a864624b3","United Kingdom",1926,"Female",21.45,12.743,0.766,2.072,1.806,22.54,12.659,3.005,2.372,2.352
"7367638d-114d-4e2b-abef-8cb497536156","Republic of Ireland",1927,"Female",22.165,13.314,15.055,5.67,5.96,23.052,13.51,18.317,6.122,5.776
"31110a04-34d8-4054-8f24-23c3dce65a3f","Republic of Ireland",1927,"Female",22.448,12.51,7.276,0.274,0,21.471,12.914,8.789,0.34,0
"4c6dcb2b-eec6-4856-b863-f035a7141aca","United Kingdom",1927,"Female",23.843,13.284,16.851,4.718,5.337,24.094,12.674,17.654,4.686,4.466
"bd7d867f-ff32-454b-b556-2a7dde54f95c","United Kingdom",1927,"Female",24.148,13.831,7.362,2.608,2.601,24.435,13.91,6.491,2.881,2.67
"c5b2192f-a9c1-40e9-9351-58051fa94473","United Kingdom",1928,"Female",21.035,11.012,4.338,1.463,0.589,21.436,11.052,10.712,1.626,0.775
"9478ad47-84e8-4df1-9175-ae47d540a445","United Kingdom",1928,"Female",20.324,11.153,1.671,1.449,0.9,20.105,11.355,5.73,1.492,1.036
"b232dfb2-0754-4468-bb8a-674af26eac4e","United Kingdom",1929,"Female",23.202,12.136,11.72,2.812,3.969,22.397,13.009,11.238,2.58,4.311
"c77bfb3a-8d94-4f45-8c38-c3a306cd76be","Republic of Ireland",1930,"Female",24.21,13.433,12.153,0.022,0.045,24.096,13.508,9.291,4.416,0.039
"8538a7c6-8224-474a-bdb7-223a5bb9804f","Republic of Ireland",1930,"Female",23.262,12.941,8.059,1.554,2.421,22.99,12.971,7.808,1.74,2.427
"1f7c6c21-dc64-4a79-bb42-90eb0ed246c3","Republic of Ireland",1930,"Female",22.659,12.494,11.005,2.446,2.694,21.991,12.544,10.631,2.404,2.579
"05279a6b-8f13-4c0b-a9d7-0bbfdf66c2ab","Republic of Ireland",1930,"Female",24.474,13.531,10.268,4.116,2.023,23.735,13.641,13.207,4.151,2.597
"20966eea-fdf2-49dd-9f5d-2f2dc94f3b15","Republic of Ireland",1930,"Female",18.489,9.819,1.713,1.612,2.04,18.279,9.938,2.403,1.79,2.177
"3d77cf3d-203d-45c8-97a5-8fd39a2a0431","United Kingdom",1930,"Female",19.638,11.034,6.216,2.9,3.512,19.989,11.277,7.748,3.304,3.643
"d98a4e37-f799-4ea7-ab33-64edbc122efc","United Kingdom",1930,"Female",20.119,11.362,16.828,2.538,3.129,19.38,11.154,16.389,2.63,3.208
"735612fa-705b-464f-92b1-28f420af0386","United Kingdom",1930,"Female",19.681,11.287,12.202,3.276,4.214,18.973,11.728,12.635,3.665,4.355
"2567a044-08af-4792-bf75-53dd3f3c57a7","United Kingdom",1930,"Female",19.979,11.443,14.072,3.119,4.28,20.104,11.716,15.595,3.449,4.524
"ae48c3df-f72c-4f35-9643-b09ef3d6a9fa","United Kingdom",1930,"Female",18.717,10.947,7.073,3.041,4.171,20.135,11.117,8.533,3.358,4.627
"b00f6854-aa85-4907-8583-61c7c3145b87","United Kingdom",1930,"Female",26.01,14.751,20.879,3.187,4.283,26.281,14.753,21.415,3.141,3.84
"e41803d8-d2d0-421b-9d92-a8191510d202","United Kingdom",1930,"Female",23.198,13.598,14.539,4.002,3.405,24.204,13.724,14.504,4.226,3.859
"8604b169-dec3-42b4-b2f8-ab21992b705c","United Kingdom",1930,"Female",25.2,13.876,9.189,4.35,4.461,25.8,14.43,9.748,4.909,4.897
"d1fd3b7e-4f94-47ec-9556-2e6cad6129ab","United Kingdom",1931,"Female",21.647,11.811,0.034,1.945,0.373,21.035,11.49,0.011,2.154,0.577
"1a15a837-b927-4e8f-a703-3a23a5f7bede","United Kingdom",1931,"Female",23.591,13.704,8.552,4.205,2.943,23.767,13.818,6.022,4.05,1.815
"1c97dde6-9ae3-42a1-a602-3d23b0439ff0","United Kingdom",1931,"Female",22.174,13.605,3.841,3.861,2.953,23.926,13.282,6.857,4.04,3.827
"cc72cffb-90ee-4b92-a148-9f4565a84820","Republic of Ireland",1932,"Female",23.1,13.09,14.56,2.87,3.37,22.59,13.12,14.59,3.02,3.39
"324383ae-98fc-4dfe-8a22-c684461c1e0f","Republic of Ireland",1932,"Female",22.052,14.528,13.106,4.339,4.931,23.442,14.024,15.488,4.947,5.876
"4c88626b-8899-4c96-a51e-767ad1eacead","United Kingdom",1932,"Female",20.543,10.454,10.193,2.214,1.821,19.913,10.696,10.211,2.481,1.821
"ec5a474f-6167-48f8-816e-f718279cc2f5","United Kingdom",1932,"Female",21.818,13.097,14.252,3.88,2.396,22.867,14.235,16.648,4.184,2.503
"b83e3328-6dfb-43a2-a386-7e9154d733eb","United Kingdom",1932,"Female",23.489,12.863,14.776,5.054,4.842,23.24,12.715,15.316,5.305,4.784
"67b7d448-e560-423b-9f09-e16b50c9f607","United States",1934,"Female",24.628,13.12,17.036,4.8,5.67,24.943,13.232,18.268,5.034,6.457
"d857faf2-caf0-40ed-b8e7-ce5325c95652","United Kingdom",1935,"Female",20.721,11.312,5.064,1.145,0.659,21.59,11.785,6.867,1.804,1.318
"f4c2add8-71c1-44e0-8ac7-58cfee83f577","United Kingdom",1935,"Female",25.798,13.509,17.017,3.588,3.18,26.482,13.715,17.905,2.789,4.21
"298f4459-6ce6-4bbf-8367-b9c056e6b1f7","United Kingdom",1935,"Female",21.804,11.822,0.213,2.186,2.275,21.473,11.373,0.498,2.292,2.31
"6918e449-c01e-4c6c-9483-01b1eacfbe15","United Kingdom",1935,"Female",24.603,13.837,10.778,5.342,4.446,24.219,14.351,19.707,6.426,4.931
"d14303ee-1121-4410-8913-358367664b4e","United Kingdom",1935,"Female",24.321,14.54,23.895,5.297,0.694,24.523,13.443,22.553,5.436,5.598
"f143386d-f6b8-4674-97b6-0d4bce8a29ba","United Kingdom",1936,"Female",21.553,11.984,6.284,1.993,1.841,21.342,11.984,7.146,2.382,1.993
"8fa20d6a-d528-4970-85de-c71e2c53202d","United Kingdom",1937,"Female",23.924,14.317,13.008,6.451,5.357,23.972,13.897,13.067,7.12,5.645
"12ea1fcc-eb8e-4e97-94d5-1085b6272baa","United Kingdom",1937,"Female",22.641,13.596,12.162,3.013,1.819,22.196,13.325,11.151,2.961,1.917
"2d24c06b-8ac4-432b-82bb-a81ad0bab1e3","United Kingdom",1937,"Female",22.979,13.674,5.223,2.807,3.188,23.148,13.921,8.151,2.971,3.116
"ae23bed6-ae8f-4299-9e82-fb26de7f6340","United Kingdom",1937,"Female",22.403,12.708,8.676,3.784,4.251,22.186,12.393,9.024,3.436,2.916
"ff921f8d-1741-4f77-8b86-c02083bae75a","United Kingdom",1937,"Female",22.935,12.403,7.297,1.571,1.821,22.664,12.774,10.394,1.808,2.084
"25385d80-a8d5-488b-bc85-b273f6b367c5","United Kingdom",1937,"Female",22.365,12.365,7.835,1.599,1.245,22.919,13.09,9.488,1.679,1.532
"54e64454-492b-46aa-bc2f-660026308790","United Kingdom",1937,"Female",22.645,11.822,4.032,2.811,3.663,22.245,11.822,6.008,2.779,3.84
"b5234995-58fd-459a-af23-48a715eaa302","United Kingdom",1938,"Female",25.331,14.168,19.212,4.58,3.384,24.291,13.872,18.715,5.568,4.509
"79139c07-9ee5-463d-82b6-4fea3f573088","United Kingdom",1942,"Female",23.099,12.724,6.442,2.85,3.014,23.24,12.958,8.751,2.981,3.434
"4e3512d8-4d14-4de6-99eb-636c258042d3","United Kingdom",1942,"Female",23.647,12.843,5.421,3.084,1.533,23.534,12.816,5.46,2.797,1.456
"0fe22961-7016-4ab1-b1b1-7481b934249f","United States",1943,"Female",23.93,14.01,33,5.16,3.33,24.49,13.84,31.88,5.07,3.23
"90a65d26-356f-4b01-b5f3-f60cef79b765","United Kingdom",1944,"Female",21.42,11.54,18.723,1.886,0.162,20.98,11.25,20.476,1.919,0.281
"c2df79a5-7818-4cfe-9b0e-df309115b3c0","United Kingdom",1944,"Female",23.58,13.14,17.781,3.689,1.373,23.55,13.15,16.375,4.234,1.406
"e4692cba-877c-4811-a1f3-febcf22fdb86","United Kingdom",1947,"Female",20.717,12.063,19.71,4.094,3.017,21.275,12.064,20.671,4.376,3.166
"bb4d08d5-ffc7-4778-ad00-4a15cd31df1d","United Kingdom",1947,"Female",21.554,12.974,17.915,3.831,5.413,21.337,13.128,18.692,3.798,5.055
"e087ae22-3cd3-49f8-be26-30e47c51d72c","United Kingdom",1947,"Female",23.473,13.281,10.714,3.653,3.578,23.135,13.535,9.923,3.696,3.276
"10199323-be95-4ef7-a63f-d11f8a5f8223","United Kingdom",1947,"Female",23.009,13.991,10.186,4.317,4.468,22.76,13.476,9.921,4.241,4.393
"97ac4957-0cab-4631-935b-ae31d05f6a71","United Kingdom",1947,"Female",23.61,13.715,13.124,4.065,4.452,22.778,13.349,14.401,4.336,4.375
"11d10642-9037-4a98-b2f1-266b0c7c1b6a","United Kingdom",1947,"Female",23.003,13.248,2.966,2.862,3.857,23.438,13.068,2.771,2.608,3.714
"8d72b08c-8fe5-472d-b1d9-97b1ccdcd738","United Kingdom",1947,"Female",23.882,13.118,9.086,3.759,4.026,23.782,13.472,9.671,3.434,3.928
"ddb86af3-ba5a-496b-afcb-0430dd88d5ec","United Kingdom",1947,"Female",24.962,14.004,22.44,3.292,2.776,24.646,13.513,24.232,3.179,3.239
"c5133f50-b587-43e1-b649-1c44aa051b5d","United Kingdom",1947,"Female",22.077,13.164,12.432,4.472,5.628,22.332,13.204,11.392,4.53,5.84
"e60c3d9a-c561-47bc-b026-81462dc7ae67","United Kingdom",1948,"Female",23.725,13.952,30.297,2.763,4.804,24.096,14.251,30.989,4.408,4.39
"0fa07496-2a4f-40fb-99f1-c5317833d2a6","United States",1948,"Female",24.38,15.01,1.26,0.53,0.56,24.62,15.05,1.56,0.54,0.55
"5fb69393-db03-4c0a-89c4-c7f973e35711","United Kingdom",1949,"Female",21.892,13.516,15.11,1.81,0.777,22.755,13.055,14.037,1.508,0.969
"8a501c5f-39de-4721-9fad-b762a6ab8f5e","United Kingdom",1949,"Female",23.034,12.788,5.484,0.965,4.238,23.583,12.802,5.426,0.701,4.553
"8dea956b-faab-488f-9903-d995ebcd051c","United Kingdom",1949,"Female",22.173,13.865,19.459,3.682,3.747,21.046,12.971,19.081,3.846,3.928
"c8cd0d6b-4afc-4d4c-aa51-3031437e9596","United States",1949,"Female",23.371,13.632,12.741,3.772,3.221,21.632,13.931,11.551,3.746,3.208
"5f9f65f8-870d-4daa-9170-b74e3edd71da","United Kingdom",1951,"Female",24.659,14.089,23.248,6.921,5.451,24.396,13.828,23.832,6.374,5.987
"c6d119d1-a53d-42f1-8aa7-4d65ea067b82","United States",1951,"Female",22.112,12.411,14.012,4.289,4.236,21.43,12.691,15.841,4.365,4.194
"6032d1e6-a441-4df3-8b71-44fbf1592102","United States",1951,"Female",25.268,14.392,16.538,5.234,9.699,25.069,17.696,27.255,5.35,9.677
"1f9da496-e5c3-49d9-b754-0f43da2b66bd","United Kingdom",1952,"Female",22.213,13.185,17.716,5.005,4.92,22.483,13.018,16.87,4.875,4.875
"7e29c3ae-e3bd-419e-bf8b-a79d48919111","United Kingdom",1952,"Female",28.025,15.299,20.732,5.309,4.014,28.058,15.992,19.916,5.74,5.025
"e1ce4643-373d-4c09-80de-a3cfdda77f93","United Kingdom",1952,"Female",21.743,13.144,5.807,2.276,4.249,22.292,13.295,9.489,2.669,5.074
"4e04b2e5-88e7-4702-bcfe-3c87c33e1c62","United Kingdom",1952,"Female",23.3,13.79,14,2.54,1.73,23.15,13.04,14.95,2.82,1.8
"0a1f617d-c30d-4e83-ba00-7049ca9cefd9","United Kingdom",1953,"Female",25.21,14.786,19.919,3.456,3.237,26.218,15.004,22.724,3.89,3.85
"31e5042a-18ae-4410-bedb-c27f05b07a26","United Kingdom",1953,"Female",26.173,15.284,23.96,5.646,4.128,25.748,14.787,25.649,5.723,5.491
"56e48144-8654-4671-bf38-2fff17d5965c","United Kingdom",1953,"Female",25.806,15.145,23.983,6.037,6.776,26.135,15,23.374,5.883,6.711
"05016588-0c7f-45d0-b412-c3d32393e9a5","United Kingdom",1953,"Female",25.646,14.638,18.778,5.276,5.14,25.228,14.232,19.399,5.5,5.435
"459cc736-e032-41f3-84ab-a68b2873ab25","United Kingdom",1953,"Female",23.187,12.839,11.128,3.522,3.711,22.651,12.812,10.281,3.841,3.516
"525e9195-ce15-4698-8d2f-cfd43c7edf2d","United States",1953,"Female",24.83,13.75,1.17,0.38,0.34,25.9,14.93,1.1,0.39,0.33
"94431636-aedb-4ee5-9d82-0d2f7fcca741","United States",1953,"Female",24.214,13.904,15.207,2.592,2.383,24.574,14.212,15.33,2.472,2.828
"242e297e-3849-4982-b411-40fece88cd90","United States",1954,"Female",27.987,15.947,29.061,5.291,6.88,26.715,16.009,28.833,5.769,6.255
"6e970e02-422c-4bf7-9848-905cdc0059a2","United States",1954,"Female",23.122,13.208,17.56,4.501,3.219,23.492,12.968,17.532,4.916,3.508
"2c548566-911b-465b-af1b-a75a20c95a09","United States",1955,"Female",25.72,14.94,0.39,0.51,0.55,24.13,14.34,0.42,0.48,0.5
"b82b1f11-25d0-48d8-8f3f-a144b813fafd","United States",1956,"Female",26.47,15.99,3.2,0.44,0.4,27.17,15.09,4.1,0.42,0.397
"02c9b054-fe04-400a-8348-60fb64623a34","United States",1956,"Female",18.435,10.329,12.091,2.315,1.672,18.435,10.015,11.823,2.285,8.893
"1b740d41-40a8-4f4a-b515-9cd87822bc48","United States",1958,"Female",27.52,16.85,1.36,0.44,0.5,28.13,16.92,1.52,0.5,0.54
"94f56501-4e64-4bc8-85aa-f882741d55a0","United Kingdom",1959,"Female",17.34,9.62,6.5,2.34,2.45,17.05,9.83,8.91,2.38,2.48
"d566e329-1a6a-4b14-a214-057714168c75","United Kingdom",1959,"Female",16.812,8.975,8.155,0.936,0.338,16.842,9.059,7.076,1.106,0.358
"67ed6d5e-0caa-4bcd-a1ff-822710adb93b","United States",1959,"Female",26.074,15.192,29.946,5.355,3.528,25.584,16.018,30.091,5.129,3.299
"ec6da073-0215-4533-8ab2-00f24b1fef7a","United States",1960,"Female",24.966,14.107,19.228,3.838,2.684,24.838,10.736,17.12,3.477,2.043
"21756906-60f9-46fd-88f2-385ac0fa353b","United Kingdom",1961,"Female",22.244,12.31,21.347,4.896,5.28,21.48,12.339,21.426,4.54,4.8
"3fa8202c-b0db-4e1e-bfd1-ae00faad2b13","United Kingdom",1961,"Female",22.512,13.525,3.518,2.338,2.535,22.336,13.259,3.602,2.31,2.359
"ed6cecba-c3d6-46fc-86be-7022643ddcf5","United States",1961,"Female",21.58,12.7,0.1,0.18,0.14,21.79,11.65,0.08,0.2,0.14
"5f513b13-b880-422b-a730-f1f00672589a","United Kingdom",1962,"Female",24.704,14.089,15.606,3.637,5.432,24.257,13.983,18.491,3.797,5.111
"702bddfe-abc2-4f4f-a39a-4e0811cc9706","United States",1962,"Female",24.848,13.838,16.048,2.077,0.496,23.806,14.347,14.306,2.061,0.157
"4f35db49-14d9-42c2-813e-9104f139c010","United States",1962,"Female",22.918,13.065,16.627,3.945,3.663,22.097,12.779,14.128,3.478,3.286
"5ea4d09e-9ade-439a-8360-3191b9e9b767","United States",1962,"Female",24.508,14.219,26.987,4.603,4.758,23.92,13.979,26.611,4.207,4.306
"8ecea3b8-4bf2-4748-ae5e-64090664de4b","United Kingdom",1964,"Female",21.67,12.528,0.054,1.808,0.432,21.526,12.441,0.062,1.973,0.678
"c26aff53-0e6a-4984-bd3d-c09f738277be","United States",1964,"Female",26.39,15.41,3.88,0.74,0.67,26.23,15.56,3.84,0.67,0.61
"fcc073c1-0ea8-4cf7-aba9-9f5dfcfdfd74","United States",1964,"Female",26.71,15.22,2.38,0.54,0.52,27.6,15.21,2.21,0.54,0.45
"09a999df-bc32-4848-9f0f-88208eb03b26","United States",1964,"Female",26.11,15.3,2.4,0.64,0.59,26.48,15.16,2.09,0.6,0.58
"ec1fa658-34de-4a1a-8b36-9038c9081109","United States",1964,"Female",27.8,16.41,3.12,0.83,0.68,28.28,16.25,2.91,0.82,0.71
"3c5d6f1b-5476-4541-b05d-b5c1354c0261","United States",1964,"Female",26.43,15.07,3.23,0.72,0.79,27.1,15.44,3.03,0.74,0.74
"368f0212-d36b-4838-a99f-547bc6ab9630","United States",1964,"Female",27.4,15.96,4.37,0.69,0.68,27.12,15.57,3.89,0.69,0.64
"d27613a1-94fb-47bd-9f1e-80cf32370dbe","United States",1964,"Female",25.4,14.62,1.74,0.51,0.39,25.64,14.56,1.56,0.48,0.35
"1ee258d9-a433-431e-9491-f2244c279e45","United States",1964,"Female",25.54,14.32,3.12,0.4,0.29,25.44,14.24,2.54,0.41,0.3
"ba044b8d-9a77-46e7-9733-b99921605cd3","United States",1964,"Female",30.26,15.22,4.68,0.67,0.63,27.02,15.73,3.7,0.68,0.57
"3251d677-308b-4de3-a5a9-ace08e486254","United States",1964,"Female",24.287,12.424,17.228,2.407,2.644,24.377,12.351,19.214,2.598,2.057
"d7d553c6-11e7-41c8-baf1-ae7ffe111a64","United States",1964,"Female",20.616,11.089,8.577,1.11,1.558,21.251,10.843,5.205,1.038,1.702
"118af055-4f5a-48a7-aa96-7907e3de8c46","United States",1964,"Female",23.474,14.642,12.894,3.711,2.402,24.358,14.918,16.263,2.444,1.643
"c6334939-b06f-43ad-8c25-afa82b2b51ee","Canada",1965,"Female",23.74,13.72,2.08,0.3,0.37,0,0,0,0,0
"c3142f40-a4c7-4851-a546-3350855d4d12","Canada",1965,"Female",24.14,12.97,1.19,0.39,0.32,23.97,13.13,0.39,0.34,1.46
"5592136d-5d71-4ed9-bbee-60db0b184f9f","Canada",1965,"Female",23.1,12.86,1.58,0.26,0.24,23.28,12.99,1.6,0.27,0.27
"4140b85c-369c-43d4-8c42-75e156a751cd","United States",1965,"Female",25.23,14.48,2.36,0.39,0.29,25.49,14.18,2.33,0.37,0.31
"682d519c-8a59-4cba-854d-faed5059234f","United States",1965,"Female",20.17,11.93,3.66,0.41,0.26,14.92,11.98,3.62,0.4,0.23
"bcf4375e-8116-4814-866f-a53de6798f11","United States",1965,"Female",11.08,6.08,1.75,0.45,0.29,11.11,6.33,1.58,0.44,0.28
"df8895c9-eafb-4373-8daa-9e03f7e3fb0e","United States",1965,"Female",25.37,14.64,2.14,0.59,0.58,25.54,14.16,2.93,0.59,0.58
"758eabca-3f98-4363-9967-3ad4f34975c1","United States",1965,"Female",22.542,13.103,12.363,1.758,0.022,23.453,13.414,14.156,1.812,0.05
"9084d54b-9abc-496c-916a-c6324dc96e64","United States",1965,"Female",25.111,14.743,13.952,5.625,5.79,25.512,14.982,11.989,5.529,5.8
"85ef6af2-cb19-4b81-8d95-151d1bbeca5c","United States",1965,"Female",23.286,14.363,7.38,3.438,3.87,23.504,14.131,6.64,3.216,3.759
"e0dcdd69-01fd-4cdc-a1ca-8e4ec5046d7f","United States",1965,"Female",25.686,14.12,5.602,0.963,1.154,25.498,13.18,4.226,0.751,0.751
"1b040e7d-acb7-41fa-a827-c5f7a6942d03","United States",1965,"Female",22.216,11.557,12.002,2.33,1.915,22.56,11.736,10.062,2.285,2.204
"8b84ae07-0e73-4c5e-8a34-0dd8d9722a71","United States",1965,"Female",24.17,13.33,9.743,1.24,1.795,24.009,13.357,10.777,1.254,1.83
"87fe1115-bb7c-4491-8aba-dcbefe2b00c8","United States",1965,"Female",24.101,13.874,26.029,4.897,3.344,24.468,14.289,26.484,5.529,3.723
"cdb75381-f18f-469d-bde2-1f63e22cf5ec","United States",1965,"Female",27.25,14.71,22.388,7.444,10.256,27.327,14.51,20.494,6.686,7.811
"b37a63ce-9410-48de-8bc2-943adb90ecfb","Canada",1966,"Female",22.46,13.65,1,0.24,0.4,23.94,13.84,1.21,0.26,0.45
"93808e0c-0d94-4557-9f17-752acf9933f4","Canada",1966,"Female",25.69,13.68,0.18,0.3,0.14,25.42,14.21,0.22,0.33,0.16
"30aa5bc4-18d7-4923-9c78-be5816aa597c","Canada",1966,"Female",25.09,13.64,1.7,0.47,0.48,25.23,13.87,1.82,0.45,0.44
"8ec5250d-2fb0-430c-b412-add854fec9b7","Canada",1966,"Female",25.27,14.02,1.64,0.44,0.48,25.26,13.007,1.39,0.46,0.43
"22d0a245-f450-4c53-8d22-e3e890a17e50","Canada",1966,"Female",23.04,13.19,2.8,0.45,0.34,22.43,13.11,2.49,0.46,0.35
"622e3d4e-05ad-4791-ac0a-c7edb532b4d5","Canada",1966,"Female",28.75,15.95,0.53,0.62,0.7,28.57,16.7,0.78,0.6,0.55
"bc05cf5f-8467-4a3a-bc48-cf9fb81371b3","Canada",1966,"Female",22.56,12.53,1.63,0.35,0.23,22.34,12.89,1.66,0.35,0.22
"8256f2a9-6da6-434e-aaef-201b98e535c9","Canada",1966,"Female",25.62,15.17,2.07,0.59,0.42,25.73,15.21,2.05,0.6,0.4
"96adb1ba-177b-405c-b271-b322230c8ad3","Canada",1966,"Female",27.99,15.17,1.34,0.41,0.24,24.61,0,0,0.34,0.2
"97480288-1def-4dbc-9123-f71409d3f74e","United States",1966,"Female",24.29,14.61,4.21,0.53,0.41,24.64,14.34,4.47,0.54,0.42
"0e0893ba-b8fd-4c1b-a152-286773061285","United States",1966,"Female",24.56,14.07,3.57,0.51,0.36,24.24,13.96,3.53,0.47,0.37
"4c8e1cbb-ed94-4e90-be87-a6841c82ea31","United States",1966,"Female",26.517,14.251,17.207,3.447,2.549,26.79,14.109,15.667,3.617,2.815
"d2db5452-24cc-4cf6-9970-9c819580d051","United States",1966,"Female",16.99,9.3,11.77,2.06,1.91,17.07,9.38,12.43,2.08,1.92
"5219f824-64b1-4ac6-9330-eef263e3a4d6","United States",1966,"Female",21.085,12.513,1.976,1.875,2.117,21.271,12.263,0.313,1.552,2.262
"999db568-4310-4c0c-b45d-52ade6cf7755","Canada",1967,"Female",27.68,15.57,1.23,0.48,0.83,26.83,15.18,1.06,0.46,0.76
"bce38221-e8ab-4afd-a8b2-134e9f5aaf56","Canada",1967,"Female",24.76,14.21,1.7,0.4,0.35,24.48,13.93,1.6,0.38,0.35
"d016c93a-7a22-4006-8274-57db08598200","Canada",1967,"Female",24.17,13.65,1.81,0.45,0.28,24.12,13.48,1.79,0.42,0.28
"2268fc6d-5c9d-4c99-9201-bbef876443a9","Canada",1967,"Female",26.33,15.31,2.69,0.56,0.48,26.54,15.18,2.75,0.57,0.5
"5571a9ee-d6c4-479d-b7e5-1324aa5a65a3","Canada",1967,"Female",27.19,15.17,2.65,0.5,0.38,27.07,14.21,2.42,0.49,0.36
"9bd5c582-f360-4e9e-853a-a73c137df1b5","Canada",1967,"Female",23.79,13.07,1.81,0.38,0.33,23.45,12.46,1.79,0.38,0.29
"0287bc0d-88df-4985-92ee-e099d84d2feb","Canada",1967,"Female",24.75,13.85,2.11,0.43,0.34,25.08,14.46,2.06,0.42,0.35
"560fbbbc-de85-4b49-889f-2fe0521245e5","United States",1967,"Female",26.32,14.32,0.84,0.46,0.37,25.3,14.62,1.02,0.4,0.35
"4368cec1-1c29-4648-a755-764fb364637b","United States",1967,"Female",24.075,12.98,19.973,3.385,1.797,23.49,12.413,17.706,3.302,1.867
"2027b0d1-444e-4c64-9aaa-69beefdbf364","United States",1967,"Female",24.467,12.858,16.805,2.764,2.799,24.041,12.605,16.882,3.028,3.033
"d8ef1daa-b645-4986-ac34-6cc7a86cce5f","United States",1967,"Female",26.513,14.351,21.286,4.79,5.092,26.318,13.757,18.03,4.225,4.751
"15bbdd31-2048-40f9-9450-80d903e25ea0","United States",1967,"Female",23.551,12.417,7.852,2.144,3.931,23.544,12.464,13.724,2.614,3.78
"f535321e-29e3-445f-b8d3-61f40d4ab059","United States",1968,"Female",24.377,13.847,14.224,5.236,3.216,23.457,13.672,8.052,4.648,3.637
"3163c3fb-eae4-4a50-aeef-48121a216585","United States",1968,"Female",25.516,15.583,28.956,4.809,5.304,25.69,15.544,28.273,4.622,4.987
"59237d85-ee5e-46da-8469-ee3d85b8b60a","United States",1968,"Female",25.285,15.615,4.88,1.209,1.3,25.397,15.556,4.455,1.162,1.038
"ecdea39c-e9ec-4b4f-b166-047db1db682b","United States",1968,"Female",26.175,15.657,32.623,4.87,4.867,26.77,15.97,34.007,4.79,5.108
"b2e83c01-ff05-48d6-a50f-0c36c1edc6a5","United States",1969,"Female",25.62,15.27,2.23,0.38,0.3,26,14.86,2.2,0.37,0.28
"6e511228-3083-4e56-8c62-ec7d07271071","United States",1969,"Female",24.475,13.997,6.674,3.27,1.084,24.338,13.03,5.925,2.893,1.212
"83d6e8bf-a920-4d24-b21f-565e665c1b87","United States",1969,"Female",27.173,15.84,16.496,6.265,5.585,26.679,16.23,16.17,6.798,5.962
"519d4e1c-fc69-4d26-8977-0aaeaeffb708","United States",1969,"Female",24.347,13.727,12.387,5.164,3.291,24.558,13.609,14.227,4.76,3.809
"145216cd-be22-4050-b1c2-f0b29c023b35","United States",1969,"Female",24.969,15.848,25.833,5.526,6.163,26.201,15.434,28.668,5.629,5.259
"13083c52-7f93-4a02-bad7-387f8633c0e2","United States",1969,"Female",27.222,16.134,28.37,3.974,2.916,25.515,14.773,25.085,3.974,3.836
"755caf7e-e761-41cc-8a76-c261fdcbd545","United States",1969,"Female",25.607,14.572,2.024,4.422,6.801,26.704,14.737,6.997,4.337,7.233
"d65c8e42-7613-4b13-ad1b-ab2e16517781","United States",1969,"Female",24.464,13.022,1.379,3.822,2.255,23.976,13.007,1.942,2.924,2.435
"bc10dcf4-7d98-4dda-a5e6-fdbb5996b713","United Kingdom",1970,"Female",24.287,14.195,19.943,5.423,5.436,24.055,14.111,21.936,5.442,5.106
"8b6abf62-85dd-4359-8661-f89bd41f5de9","United States",1970,"Female",23.997,13.812,26.417,3.94,3.391,23.718,14.138,24.722,3.702,3.293
"3ea3ce12-8afe-466f-84ec-3fce6aa5b05c","United States",1970,"Female",25.8,16.032,30.322,5.42,5.387,26.02,15.333,28.157,5.9,5.43
"22036a5e-ca51-4a5b-a892-3133ab86f389","United States",1970,"Female",23.977,13.591,4.047,3.571,0.058,23.727,14.714,11.825,3.197,0.229
"f1708490-8cae-4f8f-adee-4e3daf913d21","United States",1970,"Female",24.109,14.183,19.443,5.883,5.511,25.142,13.32,19.544,6.674,5.953
"b70729fe-73d5-4df2-9f40-a164a4f2dad2","United States",1970,"Female",23.4,13.384,23.507,3.773,2.934,24.04,11.341,21.031,3.973,3.397
"8447fc55-27ec-409c-a8f5-1030b3aee258","United States",1970,"Female",20.462,11.64,20.372,3.639,2.972,20.684,10.584,19.639,3.749,2.555
"40a7466d-6154-4601-b324-c0bda791af30","United Kingdom",1971,"Female",24.161,13.375,15.541,4.207,3.364,23.743,13.384,16.514,4.078,3.375
"2006e904-de7c-4492-9e09-4f348dc0bc07","United Kingdom",1971,"Female",22.375,12.678,17.84,1.984,0.306,22.411,12.924,18.049,1.897,0.022
"2692344e-d064-4a10-838d-ab7eafdaacd2","United Kingdom",1972,"Female",20.285,12.625,21.463,2.1,0.438,22.128,11.658,21.694,1.875,0.177
"624dec88-69b5-4d65-8ae3-02ef06124d6b","United States",1972,"Female",22.99,13.477,2.329,3.453,2.892,23.118,13.258,3.494,3.671,2.826
"882cd01a-cd80-4d5a-ae12-6ca52966e453","United States",1972,"Female",20.003,12.435,2.439,1.367,0.035,22.024,12.696,6.48,1.832,0.061
"b680e51f-712d-48c0-a224-33fe52a2c6d5","United Kingdom",1973,"Female",25.402,14.674,18.639,4.274,3.501,25.603,14.426,21.17,4.471,3.632
"91b5d4c7-4d9a-4207-b3a3-10fc05a88553","United Kingdom",1973,"Female",24.616,13.878,23.889,6.691,5.893,24.299,13.693,23.016,6.621,7.437
"d33c5b26-a9c7-4e52-a0a5-37c63ead074a","United Kingdom",1973,"Female",24.68,14.26,17.401,3.785,3.998,24.473,14.289,17.575,3.476,3.959
"5dcfd644-2b0a-4395-a101-f1968ff98d3e","United Kingdom",1973,"Female",21.53,11.932,8.816,2.29,1.995,21.208,11.859,9.678,2.234,2.284
"c0d9608d-3d89-40e1-8f0a-223ffba55547","United States",1973,"Female",22.16,12.38,0.13,0.19,0.14,22.32,12.41,0.17,0.26,0.16
"a01eaeff-d579-4f3a-a348-7642fc3d7c29","Republic of Ireland",1974,"Female",20.877,11.732,6.001,1.97,2.426,21.016,11.657,7.132,2.049,2.67
"70eb2a38-07d0-49fb-8e77-ffee85da8233","Republic of Ireland",1974,"Female",19.567,12.175,1.029,2.826,2.873,19.919,11.833,0.548,2.953,2.566
"74062c52-4cda-45c3-b021-926acd7a2f95","United Kingdom",1974,"Female",23.358,11.57,0.616,1.941,0.521,22.341,12.392,0.297,1.811,0.485
"b0ab3069-a448-4600-8581-3908c04b2581","United States",1974,"Female",23.63,13.74,0,0.4,0.22,23.02,13.9,0,0.42,0.3
"092f4f5d-2822-4dd4-bf9f-4c49906bad7b","United States",1974,"Female",24.15,13.83,1.68,0.19,0.13,24.72,13.56,2.05,0.19,0.13
"4df18f68-4834-4df3-9922-7232e92a5b9d","United Kingdom",1975,"Female",21.697,11.671,5.075,1.557,2.595,21.651,11.409,4.479,1.672,3.057
"0bbcb02b-e6da-4b5e-a5cb-437003dfd8fc","United States",1975,"Female",24.352,13.957,10.834,3.269,2.153,24.163,14.331,9.106,3.415,1.993
"170b9757-7b12-42fe-9c39-7dfe98703f2a","United States",1975,"Female",24.66,13.88,1.99,0.36,0.7,24.17,14.05,1.77,0.36,0.5
"60e746de-4ac7-4ce8-94a1-1b961ec7cf4e","United States",1975,"Female",23.52,13.258,15.679,3.145,4.047,23.409,13.332,15.236,3.168,3.89
"2f15cc80-1b8b-4d61-a7db-3f815e500ffb","United States",1975,"Female",22.07,12.261,3.041,2.658,1.064,22.358,12.767,2.919,2.937,2.129
"79049061-3122-4618-a384-e5b489a9dcb6","United States",1975,"Female",23.456,13.228,8.321,4.775,3.114,23.165,13.226,7.11,4.86,3.272
"74348fd4-1e4a-497a-bdca-98a1749bc12f","United States",1977,"Female",22.97,13.32,0.91,0.46,0.41,22.66,13.4,0.64,0.43,0.37
"213cc5d3-ca99-4a99-abb8-c5a0bd1f1cfa","United States",1977,"Female",22.513,12.537,15.403,4.412,4.342,23.01,12.34,14.307,5.072,5.009
"f898752d-0d25-4a3f-b170-3018b1877d17","United States",1977,"Female",27.112,15.014,19.742,6.618,4.232,26.775,14.782,0,8.27,3.454
"08dba1bb-61cc-4fd0-8881-18ea40bbb9ef","United States",1977,"Female",23.619,13.492,16.233,3.013,0,23.266,13.248,15.534,4.54,0
"190bada0-528f-4d93-9744-853d99e466db","United States",1977,"Female",23.841,12.848,18.915,4.372,4.391,24.056,13.331,23.232,5.317,5.571
"aa3e8459-49a0-454a-9d89-ec988df7d22e","United Kingdom",1978,"Female",25.023,14.168,21.129,4.813,3.951,25.701,14.716,22.889,4.807,4.038
"876e182e-e394-42e6-b239-f174bca68759","United Kingdom",1978,"Female",25.173,14.367,20.59,5.981,5.883,25.006,13.795,25.747,5.883,6.223
"5571483a-5a6c-4ad0-824e-ea118dc40f80","United Kingdom",1978,"Female",22.939,13.069,9.936,3.055,3.409,22.335,12.906,12.622,2.928,3.542
"bc16ea97-24ee-4727-847c-b66332651c24","United States",1978,"Female",25.79,14.89,3.63,0.54,0.46,25.73,14.46,3.4,0.54,0.36
"50c8c79b-54ae-40cb-8314-94067bf7e214","United States",1978,"Female",25.21,15.35,3.44,0.52,0.73,25.03,14.82,3.49,0.53,0.66
"f7697988-4ffd-4988-ac4a-8b391f0bf0bb","United States",1979,"Female",22.13,13.52,1.02,0.34,0.26,21.82,13.62,0.45,0.3,0.21
"dc782758-f3c3-4462-aed6-5e10e7217b73","United States",1979,"Female",22.6,12.46,1.36,0.31,0.32,22.04,12.65,1.26,0.31,0.31
"31ced189-1a6c-44d4-b1c7-9c82d77d7392","United States",1979,"Female",28.621,16.013,32.235,5.581,5.721,27.774,16.491,27.401,5.857,5.095
"1ad28682-b933-4aa4-aa0e-2f0ed56aec4a","United States",1979,"Female",22.587,12.939,0,2.381,0.8,22.851,13.704,0,2.34,0.477
"b029d252-a181-4335-9172-9551e76285ca","United States",1980,"Female",21.284,12.703,17.657,4.495,4.712,21.759,12.179,18.566,4.467,4.902
"526af61b-66b9-4a4b-acaa-de9e923bc969","United States",1980,"Female",27.78,15.797,23.072,3.712,3.607,27.45,16.057,23.116,4.167,4.509
"ea59089f-21d2-4fec-92c6-3a6b5e74e01d","United Kingdom",1981,"Female",22.59,13.331,8.838,2.543,0.851,23.574,12.909,11.983,2.95,1.104
"404152d5-176d-49ca-bcef-7df0a169e7d7","United States",1982,"Female",26.421,14.974,28.75,4.725,4.718,26.758,14.799,30.577,4.205,4.442
"39dd24e9-1ed0-402c-9163-cf4c83dadd34","United States",1982,"Female",22.693,12.443,20.637,4.047,3.131,21.924,12.647,12.461,3.919,3.142
"d613ca35-003c-4eb0-8572-4c56d3609e61","United States",1982,"Female",23.668,13.665,27.837,5.726,3.819,23.306,13.836,24.603,5.071,4.482
"096ea0ec-cb43-4df7-b1a2-35ec7d9cc20a","United States",1989,"Female",22.203,13.432,10.253,4.109,2.98,23.36,13.638,7.614,4.372,3.471
"eb2ba559-fdc5-4456-bd81-dd3e7c947b3e","United States",1997,"Female",25.23,14.59,15.24,2.15,1.44,25.25,14.52,14.09,2.7,2.52
"667e5a1a-6ab2-45d4-9738-09d7c628bf43","United States",1999,"Female",24.953,13.887,19.215,3.789,0.307,24.957,13.635,19.613,3.8,0.439
"4d690c3e-1856-493a-9fcc-306f9fcf3051","United States",1999,"Female",24.235,13.88,4.617,3.696,3.236,24.607,13.702,3.376,3.955,3.435
"61153470-e5bd-4b07-b601-85e5a6261d76","United States",2003,"Female",22.96,14.526,23.63,3.917,3.822,24.001,14.641,23.892,4.268,3.869
"367de37a-0ca8-4361-8a4f-7167bb6d6409","United States",2006,"Female",22.257,13.047,12.676,3.342,2.531,22.616,11.5,14.739,2.741,1.892
"fff57a2a-cd4a-428a-89ba-6954e6760ce5","United Kingdom",2015,"Female",21.85,11.7,8.735,1.801,1.783,21.3,11.56,9.621,2.034,2.214
"8c81af3e-dc81-432a-a8af-0d771c22c895","United Kingdom",2015,"Female",25.69,14.43,0.511,1.882,0.421,26.07,15.03,1.178,1.828,0.403
"77f30dda-e132-48ad-b619-3191b2d74759","United Kingdom",2015,"Female",22.68,11.37,0.012,0.74,0.361,22.22,11.7,0.195,1.078,0.799
"fb95b02f-ba37-4558-8751-e3bcd7e2e808","United Kingdom",2016,"Female",25.036,13.882,9.148,3.123,1.396,24.599,14.038,10.012,3.251,1.561
"ed74e55e-be14-488f-aa9f-8fb28fbc2bc1","United Kingdom",2016,"Female",23.25,13.61,0.384,1.217,0.709,24.5,13.24,1.489,1.43,1.093
"71a9234b-db74-4a21-a37d-4c089a8f655c","United Kingdom",2016,"Female",20.68,11.94,2.256,2.682,1.332,21.09,11.71,3.336,2.754,1.338
"3be864f0-db8b-43ef-a964-cf8cdb5d11ad","United Kingdom",2016,"Female",26.67,14.73,18.14,3.965,3.382,25.94,14.48,17.389,3.563,3.65
"e40c284f-0271-4495-b9ad-e441867b95fe","United States",2016,"Female",18.737,14.408,10.944,2.697,0.454,20.228,14.375,15.095,2.685,0.054
"b3a516e9-1ef8-4071-ae0e-8e3f49766554","United States",2016,"Female",24.52,14.85,0.36,0.42,0.5,24.6,14.9,0.32,0.43,0.48
"350831b6-e95d-45eb-800c-2349e60a5427","United States",2017,"Female",24.774,14.063,0.442,2.699,2.042,20.9,13.784,6.089,3.109,2.864
"ce17884d-0ad2-44ce-ba9f-cbc557ab845e","United Kingdom",1821,"Male",21.437,12.016,0,2.942,1.323,20.827,12.206,0,2.818,2.424
"71911813-5041-41aa-adcb-9d9ee540a5b7","United Kingdom",1847,"Male",23.511,12.99,13.347,1.854,0,22.874,13.011,21.547,1.978,0
"88308d36-bec9-407d-8bed-29e7dc0d779e","United Kingdom",1847,"Male",22.86,13.112,11.197,6.57,0,23.235,13.018,13.05,1.84,0
"ce35fc7e-e079-4bfb-ade3-e83a5c0364ff","United Kingdom",1848,"Male",22.29,11.716,2.477,0.047,0,23.063,11.696,1.98,0.034,0
"9298492e-9720-4d8e-98df-12d7798de98c","United Kingdom",1859,"Male",23.792,13.5,13.248,1.833,0,23.443,13.215,14.692,1.958,0
"0b44c31a-42a3-4762-a688-de269d2c46fb","United States",1865,"Male",25.71,14.09,1.02,0,0,25.04,13.95,0.461,0,0
"4a98cdfc-47b4-446b-971e-79270c81a2f0","United Kingdom",1866,"Male",23.065,12.31,0,1.712,0,22.272,12.864,0,1.672,0
"6ded1f57-e58b-4ed0-8a71-d36ffef91fbf","United Kingdom",1877,"Male",26.039,14.832,8.839,1.219,0,25.412,14.496,8.588,1.118,0
"ae617c72-9e34-4990-83d0-8fb510011860","United Kingdom",1878,"Male",22.487,13.22,14.275,1.327,0,22.353,12.807,15.646,1.29,0
"6088b233-fa59-4864-b2e2-ae993750ce70","United Kingdom",1884,"Male",23.349,14.534,9.622,1.363,0,22.48,14.534,7.944,1.06,0
"b8a3ccbf-b89b-4cd7-b81b-dbb570d8e737","United Kingdom",1884,"Male",23.98,13.812,11.607,1.898,0,23.897,13.61,12.163,2.037,0
"d2ab589f-e429-45b1-ab2a-bd0fffded1a8","United Kingdom",1884,"Male",24.512,13.726,4.331,0,0,22.901,13.285,5.096,0.059,0
"7034183e-5199-4b6c-b306-54d87b0cd9dc","United Kingdom",1885,"Male",22.445,15.273,9.876,0,0,22,11.699,9.531,0,0
"12ff08bc-ef37-42b4-b558-a73cd60dc173","United Kingdom",1885,"Male",21.099,10.422,0,0,0,21.065,10.58,0,0.112,0
"89c6691c-707d-4c9e-a0e6-623bc05a4be6","United Kingdom",1886,"Male",21.109,11.652,0.092,1.592,0,21.186,11.697,2.426,1.645,0.101
"5f1eb517-9b43-43ef-9f08-427599f2ea2e","United Kingdom",1887,"Male",22.512,12.078,2.307,0,0,22.394,12.245,1.97,0,0
"c8a3d76e-2551-4f2f-b16c-935188ce71cd","United Kingdom",1887,"Male",20.933,12.079,1.994,0.099,0,22.042,11.654,2.118,0.112,0
"3aa36c8d-f29e-4f92-99de-aecb90a7f20f","United Kingdom",1890,"Male",22.363,11.693,5.868,0.191,0,21.725,11.77,4.671,0.265,0
"71833039-a185-4a6d-a453-b938ed6aa62a","United Kingdom",1890,"Male",20.906,11.426,0.42,0,0,20.528,11.233,0.494,0,0
"610dafc9-67fc-4f46-9f18-d48139da260e","Republic of Ireland",1891,"Male",23.076,12.318,0.934,0,0,23.076,12.03,1.606,0,0
"83645cf8-6d04-4a21-9432-0ed5ee4593fd","United Kingdom",1891,"Male",23.829,12.658,3.825,0.079,0,24.186,12.915,3.724,0.06,0
"662749be-423c-433b-a2ce-cceacbe22457","United Kingdom",1891,"Male",20.571,10.935,0,0,0,20.948,11.705,0.167,0,0
"8b2ebf83-a757-4f44-a65e-393cefff94d5","United Kingdom",1891,"Male",23.33,11.413,7.074,1.518,0,24.248,12.694,8.639,1.833,0
"6d599937-ab1f-47ec-ae00-79c3116845f5","United Kingdom",1891,"Male",21.967,11.757,0.488,0.212,0,22.237,12.403,1.304,0.276,0
"eea70e77-a06c-429c-aaee-53afdb897ef1","United Kingdom",1891,"Male",21.733,11.867,0.612,0.455,0,21.644,11.859,0.688,0.466,0
"fbdb5d25-af51-481d-901a-6500848422fe","United Kingdom",1892,"Male",25.872,14.277,12.951,0.845,0,25.668,14.396,18.139,1.042,0
"037de52a-d6e8-4215-8d60-3886047759ff","United Kingdom",1892,"Male",23.823,13.185,2.937,1.013,0,24.202,12.67,2.836,1.334,0
"be7323a0-924e-45d3-83ef-475ef026a270","Republic of Ireland",1893,"Male",21.864,11.618,8.895,1.587,0,21.898,11.452,10.981,1.555,0
"6b264c9b-7ad7-4402-a016-a7efa3b8503f","Republic of Ireland",1893,"Male",23.911,13.213,18.57,2.814,0,23.537,13.825,16.739,2.358,0
"b209cf5e-76c4-422d-8828-b7ce5fb66a80","United Kingdom",1894,"Male",22.372,12.264,5.943,0,0,22.08,11.671,4.992,0,0
"18e7bc0c-df23-459a-b081-96806d513ddc","United Kingdom",1895,"Male",25.32,14.508,16.22,0.756,0,25.949,14.457,17.34,0.583,0
"d104c147-782b-41fb-abab-335a276e181d","United Kingdom",1895,"Male",18.189,10.229,5.343,0,0,18.252,10,4.058,0,0
"b275a649-8a6c-4d62-ab23-5147aa3e71d8","United Kingdom",1895,"Male",22.877,13.061,11.911,1.354,0,23.266,12.96,12.751,2.029,0
"345c5d1a-c1ff-41df-8be5-ea6abc7b4816","United Kingdom",1897,"Male",22.279,11.99,3.124,0,0,22.09,12.058,2.338,0,0
"977c351a-6d0e-4085-a88f-714fd91cc0f5","United Kingdom",1897,"Male",21.923,12.378,11.215,0.904,0,21.71,12.656,11.641,0.508,0
"761325ed-670e-48a7-9a2a-e9bf8e57c0d0","Republic of Ireland",1898,"Male",20.635,11.807,7.798,0.057,0,21.328,12.124,8.831,0.063,0
"d698d798-7e7d-417f-888e-c9b7d6d4d989","Republic of Ireland",1898,"Male",22.427,12.149,5.792,0.558,0,22.872,12.349,7.509,0.608,0
"9aa70f81-d46b-45a0-90c3-6e75bd0ab00e","United Kingdom",1898,"Male",25.005,14.145,6.637,1.462,0,25.671,14.134,6.918,1.366,0
"fcac43be-b19b-4e07-a10e-818d391e89b4","United Kingdom",1898,"Male",25.364,13.769,12.294,2.044,0,24.375,13.576,13.85,1.927,0
"e430ed56-8ca6-454a-9cf6-3ac2aa7f95f3","United Kingdom",1898,"Male",21.83,11.89,1.282,0,0,21.907,11.724,2.463,0.047,0
"9990584f-c9e5-4033-ac67-058da13794e3","United Kingdom",1899,"Male",24.669,14.029,7.526,0.32,0,24.891,14.738,7.43,0.461,0
"a8b47461-98a5-42a7-aecd-3b0f21a8432d","United Kingdom",1900,"Male",24.907,13.544,7.932,1.401,0,24.961,13.434,7.881,1.163,0
"f848267b-53e4-4968-8156-1c97da291aaa","United Kingdom",1900,"Male",21.179,11.499,0,0.186,0,21.586,11.899,0,0.405,0
"3d9b40f9-ffcb-4251-bfeb-fba1f805ad99","United Kingdom",1901,"Male",22.158,12.174,1.766,0.55,0,22.146,11.788,2.337,0.693,0
"5efe27ce-d1d6-4f7f-b81d-461e3da8596a","United Kingdom",1901,"Male",21.271,12.09,2.152,0,0,21.276,12.111,2.148,0,0
"bcc6f5e6-6cad-492b-8a9c-9091b6c8ee0f","United Kingdom",1901,"Male",23.226,12.409,6.838,0.144,0,23.846,12.934,14.039,3.253,2.315
"94fa1585-9c5d-4c28-9154-7ab30ac8adc9","United Kingdom",1901,"Male",22.67,11.021,2.201,0,0,22.053,11.464,4.693,0,0
"202e964b-72bc-44cf-b4b5-a73ab4e6bd84","United Kingdom",1902,"Male",21.774,12.088,6.594,0,0,21.426,12.494,7.187,0,0
"26f71f9c-3c6b-466e-9975-6e6cbf017c18","United Kingdom",1902,"Male",22.095,11.479,0,0,0,22.617,11.909,0,0,0
"6936681b-32fc-40d4-bdde-bf0ca4dd1aed","United Kingdom",1902,"Male",23.496,13.864,7.529,0.705,0,23.555,13.785,16.071,1.224,0
"7843973a-e9da-4672-8b0b-7ace213dcd3b","United Kingdom",1903,"Male",18.951,11.274,0,0,0,20.512,11.329,0,0,0
"9be94611-3786-406e-9204-af4deac2797a","United Kingdom",1903,"Male",19.509,10.71,1.36,0,0,19.575,11.073,3.211,0,0
"4d394d6b-b61a-4417-83dd-ca0a89df0445","United Kingdom",1905,"Male",22.409,12.347,1.773,0,0,22.489,11.914,5.527,0,0
"2c468e19-7463-4e1e-82f4-bffca61e6b6b","Republic of Ireland",1906,"Male",22.115,11.632,15.879,4.454,0,21.662,10.946,17.372,3.789,0
"534fc732-de56-440f-bd63-d3a9a27efc14","United Kingdom",1906,"Male",18.629,9.821,5.369,0.184,0,18.559,10.134,6.221,0.334,0
"ac537bd2-da01-413b-b408-81bbbf6f0739","United States",1910,"Male",25.187,14.311,17.2,2.637,0,25.201,16.066,17.434,2.59,0
"b8073adc-944f-4650-ad6e-d3bcb52e469e","Republic of Ireland",1911,"Male",24.64,12.95,10.65,0,0,24.2,12.46,9.52,0,0
"cfe27fff-e20e-4245-8b22-47d1aa12278c","Republic of Ireland",1912,"Male",25.31,13.53,9.23,0.129,0,25.13,13.15,10.17,0.239,0
"7eb6c771-c9c4-4a09-a624-8d2d11cee823","United Kingdom",1912,"Male",21.62,12.641,7.397,0.476,0,12.136,12.21,7.689,0.607,0
"34ad6e01-e56d-4fd4-a330-0093013b3a79","United Kingdom",1912,"Male",25.642,14.026,15.224,1.224,0,25.425,14.288,15.804,1.362,0
"2849ec90-50c4-4b3d-a9f5-016521974047","Republic of Ireland",1913,"Male",22.563,11.732,0.565,0,0,21.945,11.74,0.383,0,0
"b478d661-5825-4f10-b566-063f3bc94a09","Republic of Ireland",1913,"Male",25.724,14.702,19.448,2.57,0,24.354,14.634,21.248,2.719,0
"465639af-6a46-4c46-b403-fc6b42017049","Republic of Ireland",1913,"Male",22.458,13.234,10.434,1.819,0,21.817,12.246,9.99,0.752,0
"28c8d01e-c07c-4dc4-8310-b2fe84e450e4","Republic of Ireland",1913,"Male",24.528,14.208,16.92,1.933,0,25.138,13.894,17.591,1.709,0
"368a1713-2a8f-42e0-be85-1deb80348f4d","Republic of Ireland",1913,"Male",24.704,14.323,17.232,1.198,0,24.826,14.265,18.225,1.417,0
"60652b76-c377-430f-9ab3-429b672df0b4","Republic of Ireland",1913,"Male",21.504,12.775,1.797,0,0,21.844,12.473,1.429,0,0
"46accd55-72c7-49d2-b331-ff7ff77f5379","Republic of Ireland",1914,"Male",23.245,12.639,2.083,0.375,0,22.698,12.845,5.936,0.648,0
"d043fa33-c00f-4765-aed1-db965ec9e723","Republic of Ireland",1914,"Male",23.398,12.267,1.637,0.007,0,22.097,12.105,3.318,0.007,0
"ed7a7ac3-325c-4600-ab11-854280d47c38","United Kingdom",1914,"Male",25.085,14.176,11.216,2.005,0,24.726,14.117,11.014,1.832,0
"1fa11300-829c-4a9d-894d-ebbc5f741f75","United Kingdom",1914,"Male",23.048,13.308,9.546,0.527,0,23.087,13.151,9.75,0.482,0
"1df84023-2cb9-4bef-9925-190dee036177","United Kingdom",1914,"Male",22.757,11.785,4.67,0,0,21.907,11.881,5.131,0,0
"e415a25b-a51f-4b7f-b5ba-8ecea75a66dd","United Kingdom",1914,"Male",21.253,10.924,0.353,0.791,0,21.013,11.143,1.123,0.763,0
"65ebc0f8-b3cd-4177-a801-07a3246711ba","United Kingdom",1914,"Male",22.085,11.435,2.933,0.185,0,21.965,11.599,2.841,0.27,0
"37e9088a-2aa6-4b15-95e8-3013441d5af6","United Kingdom",1914,"Male",21.705,11.889,2.613,0.434,0,22.295,12.057,2.735,0.47,0
"7327ae77-193e-4727-ae28-5a0899ccb34c","United Kingdom",1914,"Male",23.275,13.016,14.725,0.184,0,23.406,11.874,14.725,0.184,0
"0764595f-9d95-4b53-93c0-461c2b748bd8","United Kingdom",1914,"Male",25.629,13.224,5.622,0,0,25.515,12.572,6.876,0,0
"d8dbe42f-9d51-4a5b-b88a-7543a9c516b2","United Kingdom",1914,"Male",20.387,10.956,3.063,0,0,20.076,10.793,4.112,0,0
"21dcaadc-8837-4ba5-93f1-bb94f6f38ad5","Republic of Ireland",1915,"Male",21.566,12.459,16.792,1.839,0.031,22.306,12.754,17.78,2.116,0
"22fe882e-0c7e-4ea7-a562-200f07c2b2e8","Republic of Ireland",1915,"Male",23.508,13.405,12.845,1.794,0,23.527,13.259,14.498,2.055,0
"6e1ea368-f109-4480-b536-d655a22d146b","Republic of Ireland",1915,"Male",21.693,11.943,13.99,0.603,0,22.245,11.819,15.67,0.752,0
"72f99a03-6f0f-4442-b801-c44d521ed80e","Republic of Ireland",1915,"Male",19.506,11.079,10.46,1.987,0,20.203,11.547,13.985,2.699,0
"6b5e1b12-bf22-46cb-96aa-c2e5f3ece5c8","Republic of Ireland",1915,"Male",23.454,11.594,14.04,0.281,0,22.938,11.783,14.704,0.382,0
"bd944536-cd72-49d0-a84a-44efd6669678","United Kingdom",1915,"Male",24.126,13.152,49.232,0.418,0,23.851,13.178,54.117,0.529,0
"ecca2fd4-86f8-46ab-a08c-1f066611ecb4","United Kingdom",1915,"Male",24.025,13.585,13.436,0.982,0,24.359,13.449,15.356,1.058,0
"46978c6e-df99-4a03-9e0f-6323f58eb253","United Kingdom",1915,"Male",23.438,12.086,0.658,0.01,0,23.564,11.811,1.128,0,0
"f57d0aba-39d0-4ad7-9350-52f337e12f62","United Kingdom",1915,"Male",23.397,12.237,4.67,0.238,0,23.166,12.01,3.852,0.193,0
"0f1dc88f-03ce-439f-bd20-6b894f9775fe","United Kingdom",1915,"Male",23.65,12.585,1.227,0.075,0,23.06,12.781,1.99,0.015,0
"57c93c04-2244-4d9b-b2b7-8a0669f24e3b","United Kingdom",1915,"Male",23.831,12.875,11.035,1.066,0,23.806,13.074,11.509,1.253,0
"2755f7e0-06d4-43bb-b379-219fca957a4d","United Kingdom",1915,"Male",24.479,13.248,11.438,1.129,0,24.561,13.374,12.076,1.23,0
"3af5bb1d-e95f-43d2-b964-e1021ad6d362","United Kingdom",1915,"Male",26.326,15.152,10.621,0.254,0,26.219,15.055,12.52,0.254,0
"11514f4d-1a5e-4b37-b5c6-addd4f16c6af","United Kingdom",1915,"Male",24.583,12.487,8.031,0.651,0,24.126,12.726,8.748,0.456,0
"5688099e-3ca9-478f-ba9d-c3d37d2543b5","United Kingdom",1915,"Male",20.616,11.086,3.964,0.189,0,20.255,11.12,6.029,0.189,0
"34ee3eff-70b0-42df-8aac-0bb5dc4a097f","United Kingdom",1915,"Male",23.498,13.355,10.362,0.221,0,23.917,13.268,10.468,0.228,0
"ef583393-d6e4-41fd-9b81-771cc164c683","United Kingdom",1915,"Male",23.012,13.086,8.114,1.111,0,23.306,13.558,9.456,1.006,0
"d02a017e-faba-416d-aea3-38f296082f5d","United Kingdom",1915,"Male",24.014,13.31,13.544,1.824,0,24.11,13.211,14.32,1.572,0
"7374f289-d39d-476e-bebd-f3a737ea2340","United Kingdom",1915,"Male",23.167,13.566,5.614,0,0,23.037,12.85,7.804,0,0
"c5e16d9e-02a8-4317-ade8-d96f47bbf8fa","United Kingdom",1915,"Male",21.714,12.58,2.316,0.08,0,21.891,12.538,3.247,0.08,0
"a902fac9-fac2-4925-a91d-0eb7c2924827","United Kingdom",1915,"Male",20.288,11.524,1.973,0.081,0,20.206,11.872,1.805,0.112,0
"d4f1e524-1b4e-4eed-be86-1c09e1ab9bfd","United Kingdom",1915,"Male",24.981,14.594,12.191,1.816,0,25.181,14.106,11.94,1.927,0
"36f0d0f2-cc5c-41ef-8fe6-8c4ce93644ce","United Kingdom",1916,"Male",23.539,12.916,5.183,0.353,0,23.744,14.992,4.38,0.256,0
"a34ac5bd-68df-44c3-a08d-fd22c0c41185","United Kingdom",1916,"Male",24.236,13.73,7.642,1.34,0,24.592,13.73,7.654,1.431,0
"cc307452-849b-4774-bf9e-6257cc614a06","United Kingdom",1918,"Male",21.337,11.446,1.853,0,0,20.786,11.339,1.658,0,0
"47e33bf8-bbea-4d76-b409-7a5e5154c0fe","United States",1918,"Male",25.758,15.375,15.014,2.533,0,25.743,13.845,16.839,2.56,0
"c767c1e2-9bf8-4343-95de-385c624db7d6","United Kingdom",1919,"Male",24.258,14.019,10.023,0.701,0,24.03,13.848,11.021,0.908,0
"85b039be-7bb0-4bac-aa2e-837c474044dc","United Kingdom",1919,"Male",23.48,11.428,2.954,0,0,23.402,11.134,5.077,0,0
"f0a2846e-c3d2-4450-9742-c10285def799","Republic of Ireland",1920,"Male",21.637,12.164,10.392,1.588,1.064,21.803,12.517,11.1,2.2,0
"e9fd7073-2a6a-4f46-a767-1e7afd09dafe","Republic of Ireland",1920,"Male",21.983,11.571,2.693,0.734,0,21.842,11.56,8.589,0.808,0
"6229ee46-b615-4e43-ba13-3ddc856be3dc","Republic of Ireland",1920,"Male",22.372,12.348,12.699,1.562,0,22.891,12.258,12.98,3.545,0
"ec43cb6c-c236-4f9c-90a9-43116870553e","Republic of Ireland",1920,"Male",24.987,14.469,20.88,5.091,0,24.816,14.541,19.078,4.815,0
"8544194d-63c1-4653-a3fb-4d708b6a6d54","Republic of Ireland",1920,"Male",21.7,11.36,10.58,0.041,0,21.4,11.38,12.29,0.018,0
"6b6b88fc-81fa-45f8-8f1d-8d590d2cb72b","Republic of Ireland",1920,"Male",24.047,13.595,13.873,5.307,0,25.026,14.003,16.058,3.715,0
"7454a04d-d511-4d88-94c6-a564f9fc78fd","Republic of Ireland",1920,"Male",23.62,14.05,7.81,0.012,0,26.22,14.84,10.34,0.096,0
"95435457-f47e-4512-8c81-098e4c49b6a0","United Kingdom",1920,"Male",22.273,11.717,0.322,0,0,22.757,11.818,0.337,0,0
"c2011c82-117d-4211-87ba-63041f931c1a","United Kingdom",1920,"Male",23.122,13.009,6.042,0.281,0,23.535,13.252,5.896,0.357,0
"0c42e49b-30a7-470b-9ad8-500087b9ca07","United Kingdom",1920,"Male",26.454,14.385,9.901,0.964,0,26.432,13.91,10.15,1.475,0
"8adfa9ca-cc2e-4957-9dd9-e529fb13350e","Republic of Ireland",1921,"Male",23.655,14.175,14.841,2.549,0,24.028,13.694,15.524,2.642,0
"a5d0983a-5fa0-4f82-a001-6fe476b17c84","Republic of Ireland",1921,"Male",23.665,13.427,18.693,2.298,0,24.098,13.327,18.981,2.032,0
"aa71d896-1c0c-48c9-b6d8-11a2b3042518","Republic of Ireland",1921,"Male",22.45,14.085,8.298,2.009,0,22.805,13.737,8.101,2.096,0
"def0c911-2b61-4dd7-b841-e240f081691a","United Kingdom",1921,"Male",23.729,13.278,13.733,2.661,0,23.875,13.553,14.827,2.478,0
"b7864602-e689-4a62-9e75-7a7b2ba64ee9","United Kingdom",1921,"Male",22.732,12.456,11.834,1.854,0,22.837,12.664,12.441,1.767,0
"b8ab83ef-289b-4c06-bfab-1e7031f361dd","United Kingdom",1921,"Male",21.907,11.807,2.188,0,0,22.02,11.517,2.875,0,0
"0c7bd7a4-dc41-48f8-8206-100600dec013","United Kingdom",1921,"Male",24.161,13.257,7.289,0,0,24.282,13.179,9.343,0,0
"1e790438-5537-4d73-a24d-e0443d063575","United Kingdom",1921,"Male",20.652,11.773,7.299,0.006,0,20.313,11.685,6.033,0.017,0
"6bb75622-51a0-4fbf-9e0f-431884b86c01","United Kingdom",1921,"Male",23.277,12.988,2.41,0,0,23.122,13.012,3.157,0.012,0
"cc0d6027-eb7e-4344-985b-9eea5a5c305e","United Kingdom",1921,"Male",22.329,12.48,5.901,0.041,0,22.344,12.492,8.766,0.059,0
"43dce41e-ff2e-4889-a62f-298958f107ab","United Kingdom",1921,"Male",22.58,12.845,6.166,0.012,0,22.887,22.887,7.737,0.089,0
"7c1b7612-f215-4f08-b665-6d168bb676e0","United Kingdom",1921,"Male",21.944,11.32,1.542,0,0,22.377,11.944,2.186,0,0
"b327d1b4-2c1d-4459-af58-fda5c5afb346","United Kingdom",1921,"Male",22.099,12.111,1.295,0,0,22.232,12.526,2.413,0.018,0
"6a619e60-ba4d-4fa9-a3d6-32967505da23","United Kingdom",1921,"Male",22.361,12.99,7.434,0.182,0,22.366,13.383,6.606,0.141,0
"691e8d2e-2625-4159-9763-f487a9b4c4ea","United Kingdom",1921,"Male",22.523,12.641,1.619,0.006,0,22.81,12.846,2.449,0,0
"1cc5adc9-5905-4bd6-8817-e2c05b4b17af","United Kingdom",1921,"Male",22.411,12.371,3.64,0.283,0,21.311,12.044,6.561,0.118,0
"2f79d385-a64b-4807-a0a3-cd657be4609c","United Kingdom",1921,"Male",24.145,13.845,6.821,0.041,0,24,13.61,7.211,0.13,0
"e2e00c6d-c8dc-4312-817a-3b218a74511b","United Kingdom",1921,"Male",22.375,11.995,11.396,0.467,0,22.427,11.787,11.533,0.343,0
"cb144be3-dff7-4789-8b6b-7a8b88855d8c","United Kingdom",1921,"Male",21.993,11.957,3.485,0,0,21.841,11.587,5.626,0,0
"83de3c09-24c1-425f-b1d3-b9dd9578f013","United Kingdom",1921,"Male",22.814,12.172,7.449,0.167,0,22.699,12.272,6.918,0.317,0
"4bab553f-e253-4f89-a45b-cc457f4d4c40","United Kingdom",1921,"Male",24.34,13.106,7.965,0.68,0,24.114,12.62,7.8,0.64,0
"d8ad4dd8-6640-4570-ba95-0e96b59d15bf","United Kingdom",1921,"Male",23.209,12.899,6.339,0.919,0,23.387,12.887,6.655,0.746,0
"189d83ca-a192-4067-a804-3cfac2d32c2d","United Kingdom",1921,"Male",21.923,12.309,9.186,0.56,0,21.443,12.13,11.96,0.746,0
"d3bd5516-4568-41f9-8762-51de7f97f68f","United Kingdom",1921,"Male",22.799,11.752,4.135,0.62,0,23.297,11.661,2.429,0.327,0
"b57c0b14-7f68-40f7-a781-54fd0003bf11","United Kingdom",1921,"Male",21.173,12.425,3.957,0,0,21.456,12.226,5.357,0,0
"e5988970-baf1-423b-9dab-93d73d718f67","United Kingdom",1923,"Male",20.497,11.659,2.693,0,0,20.433,11.302,6.623,0,0
"7e66dae3-5481-4ff8-84ad-6408639ba58e","United Kingdom",1923,"Male",22.268,11.523,1.55,0.189,0,22.849,12.14,2.142,0.5,0
"00b82f3d-7b1f-49e8-805c-8ddff737496c","United Kingdom",1923,"Male",23.936,14.281,18.989,1.767,0,24.002,14.359,20.353,1.487,0
"c2ddc337-c401-467c-9d47-b40d71595044","United Kingdom",1923,"Male",22.805,12.531,1.204,0.27,0,23.306,12.552,2.907,0.408,0
"91e8b47a-600a-407f-b16d-5fea889b6106","United Kingdom",1924,"Male",21.299,12.42,0,1.165,0,21.386,12.1,0,1.004,0
"6ec9c58f-387f-44a9-96a4-dddbd5c63278","United Kingdom",1924,"Male",23.035,12.721,0,1.04,0,22.413,12.673,0,1.334,0
"8601a591-bceb-4f18-ba43-94f96e09f2a9","Republic of Ireland",1925,"Male",19.952,10.918,0,0,0,19.447,10.855,0,0,0
"c813422e-239f-424a-b4ee-42c45267e44b","United Kingdom",1925,"Male",23.461,13.011,13.339,3.161,0,23.688,12.247,12.938,3.115,0
"43b4974d-2809-4274-9040-457e46f8e1b2","United Kingdom",1925,"Male",24.346,13.287,1.78,0.095,0,23.984,13.276,2.174,0.088,0
"1e3f5a24-c5cd-4fff-a491-66f8525bca60","United Kingdom",1927,"Male",20.201,12.035,8.054,0.299,0,21.105,11.753,8.823,0.317,0
"1c5966fe-227f-46b5-8415-3ec0d5114e46","Republic of Ireland",1928,"Male",25.14,14.21,11.99,0.359,0,25.13,14.31,10.88,0.321,0
"593ad2bc-b36d-4e86-9732-4ee6c9c80fc5","Republic of Ireland",1928,"Male",25.74,14.43,9.82,0.39,0,24.88,14.14,10.97,0.448,0
"518a2980-f8b6-4e38-a479-d016d8eb59d6","United Kingdom",1928,"Male",22.12,11.554,6.41,0.173,0,22.175,11.256,5.851,0.173,0
"093bbc33-697b-4fa9-8b9d-a6d0defd6465","United Kingdom",1928,"Male",21.565,12.246,0.956,0.873,0,21.939,12.465,1.912,0.894,0
"f2c78439-1750-4f27-8d73-c5676bd45bd5","United Kingdom",1929,"Male",22.645,12.614,9.815,0.02,0,22.127,12.195,10.856,0,0
"d97c3358-ad9e-42c5-a7f9-dca880802ce7","United States",1929,"Male",24.91,14.09,3.598,2.004,0,25.26,14.21,5.189,1.86,0
"7e434e2e-103a-4549-95c3-3026870c876c","United Kingdom",1930,"Male",22.151,11.833,9.091,0.591,0,22.422,12.489,11.275,0.734,0
"7824c909-aeb0-4670-a002-07056e90f87a","United Kingdom",1933,"Male",24.69,15.06,13.421,1.118,0,25.122,14.119,11.637,1.273,0
"7c12132d-475c-4835-82a5-e03efa2cf82f","United Kingdom",1935,"Male",23.93,12.91,18.983,1.183,0,24.208,12.921,20.202,1.401,0
"cf7b0ccc-6f70-42de-83b3-79a6a3578022","United Kingdom",1935,"Male",25.871,13.238,12.815,1.615,0,24.723,13.485,13.333,1.843,0
"fcee827c-a546-42fe-9b21-088ce7e26b97","United Kingdom",1936,"Male",21.668,12.568,9.787,0,0,21.102,12.209,12.656,0,0
"3830b6ca-371e-44af-9bfc-a5cdd905d343","United Kingdom",1936,"Male",23.419,12.441,8.081,0,0,23.234,12.578,7.867,0,0
"fda430e0-dc31-4869-914e-02b73e42dc4b","United Kingdom",1936,"Male",20.987,11.708,3.021,0,0,21.274,12.224,6.492,0,0
"e46d32ea-c90e-408f-8afa-0630b5cb9eb1","United Kingdom",1936,"Male",19.088,9.704,3.781,0.017,0,18.88,9.882,4.297,0.134,0
"8599e760-cb60-4d36-9516-61d44015e2a1","United Kingdom",1936,"Male",23.204,12.666,8.55,0.332,0,22.831,12.455,8.37,0.408,0
"660da5f7-840c-4410-9da7-0b80de40dab2","United Kingdom",1936,"Male",25.086,14.114,9.389,1.56,0,25.703,14.322,9.297,1.581,0
"bae7ebdc-6c21-445f-9cfe-d2515c2dfcf1","United Kingdom",1936,"Male",25.678,14.137,19.801,3.508,0.388,25.354,14.452,19.942,3.351,0.418
"2cdb8b2a-5cff-4d29-b158-74e6706cdd3b","United States",1936,"Male",23.84,12.75,1.22,0.06,0,23.91,12.51,0.82,0.04,0
"037cfe78-f23b-4f3e-9f6b-e3fbb9ad1788","United Kingdom",1937,"Male",22.799,12.502,6.071,0,0,23.19,12.196,5.682,0.006,0
"69da03ef-6904-47bc-9d46-b95ec969ac20","United Kingdom",1937,"Male",22.865,13.228,8.354,0.02,0,23.167,12.961,9.34,0.033,0
"f6fbcd49-00fc-474b-b810-1b870a7e493a","United Kingdom",1937,"Male",22.948,12.581,3.518,0,0,22.557,12.544,4.243,0.013,0
"f0ad794e-f0b5-4ad6-9897-0749ce75178c","United Kingdom",1937,"Male",22.759,12.286,4.504,0.247,0,22.594,12.697,5.787,0.321,0
"fb68cf10-962f-47ea-acf8-1ecdb585d9e7","United Kingdom",1937,"Male",23.532,12.707,5.252,0.038,0,23.812,12.866,5.347,0.132,0
"8efc5c97-9f63-40f6-870b-18747b6ea9ed","United Kingdom",1937,"Male",26.03,14.913,17.273,1.997,0,25.338,14.261,18.041,2.305,0
"3b3da127-ee56-46ce-8425-b4783a82d3d8","United States",1937,"Male",22.663,12.111,2.403,0.27,0,22.686,12.071,2.894,0.275,0
"8fe93808-93f8-4cd2-925d-03565d76b188","United Kingdom",1938,"Male",22.448,11.771,3.777,0,0,22.817,12.291,4.5,0,0
"5b11056c-08c5-4696-a9b1-995511c772c1","United Kingdom",1938,"Male",21.8,12.035,8.946,0.091,0,21.859,12.187,9.381,0.208,0
"5858946c-9f23-4769-b09f-d3edb012b6b3","United States",1939,"Male",24.604,12.664,11.004,1.56,0,23.956,12.453,10.043,1.444,0.063
"b8318058-85f9-4405-819e-9c14dfd2f5bc","United States",1939,"Male",22.384,13.03,19.534,1.354,0,21.582,12.657,20.64,3.443,0.003
"04b48a5b-0515-4791-ae5f-f20e728fa86f","United States",1939,"Male",25.663,14.246,10.826,1.113,0,26.02,14.221,11.544,0.623,0.235
"9d931edc-ed1c-47c7-820a-be1a0d57e526","United States",1941,"Male",22.74,12.29,14.55,0.95,0,22.67,11.7,13.5,0.91,0
"3b057269-138f-474b-bf8c-fb9dfb759c1c","United States",1941,"Male",23.69,12.86,13.83,0.7,0,23.73,12.55,14.21,0.78,0
"3ed98dce-e627-41bd-9721-28a63005bbf1","United States",1941,"Male",22.8,12.06,10.12,0,0,22.89,11.86,8.82,0,0
"3c8f179a-1a02-43b5-86ed-f4f76e59778e","United States",1941,"Male",28.03,16.03,22.83,4.39,0.29,28.37,16.64,23.74,3.93,0.17
"df50011b-efe8-45f4-9217-a482a1420001","United Kingdom",1942,"Male",24.082,12.803,9.415,1.555,0.154,23.922,12.158,10.167,1.675,0
"4f0192b9-18ee-4de4-89c0-19d09f67b2b5","United Kingdom",1942,"Male",23.937,13.669,9.291,0,0,23.801,13.724,9.406,0,0
"83f7d6a0-aea2-477e-bd5c-ddbe4b97d81f","United States",1942,"Male",24.88,12.55,7.25,0.32,0,24.32,12.81,7.34,0.22,0
"e50fd7e3-7c28-4119-ac4f-86277a0869dc","United States",1944,"Male",23.41,13.33,7.92,0.61,0,23.03,12.44,8.31,0.45,0
"d5c3b3ed-be5e-454b-8b4e-73b0798b1677","United Kingdom",1947,"Male",25.842,13.776,17.988,1.524,0,25.636,14.059,18.646,1.887,0
"58c33843-bbe4-4ac5-bba3-8a83976d5350","United Kingdom",1947,"Male",24.506,13.721,23.063,3.872,0.088,24.3,13.53,23.245,4.224,0.17
"ef413b37-927c-418f-86f9-ba06d4724b3c","United Kingdom",1949,"Male",21.591,11.53,1.24,0,0,21.841,11.486,1.331,0,0
"5babe40f-5c4d-49e0-9ee2-24d82aa2857c","United Kingdom",1949,"Male",22.632,12.681,11.949,0.692,0,22.978,12.493,11.073,0.405,0
"ae8af9b2-b99e-4565-9ed1-37ad73c68eab","United States",1950,"Male",23.807,13.434,6.019,0.937,0,24.187,13.282,6.897,1.025,0
"26c1c577-3bb5-4148-80ef-21023959ff23","United States",1951,"Male",26.637,14.733,22.245,1.908,0,26.701,16.02,21.984,1.873,0
"f69f2c46-d195-43b0-9e45-836c5cc34f99","United Kingdom",1952,"Male",23.683,13.702,19.019,1.92,0,23.749,13.404,19.741,2.265,0
"bad3c91d-351c-434d-91f9-18c3ab96f5d9","United Kingdom",1952,"Male",23.431,13.572,21.225,3.82,0.038,23.19,13.176,20.607,3.891,0.088
"10ca1b95-5bc1-4fea-9a99-79ef976cd10d","United Kingdom",1952,"Male",21.511,11.539,7.147,0.363,0,21.182,10.998,8.567,0.644,0
"b7b6469f-d961-420f-a96f-6cae8225a328","United Kingdom",1952,"Male",23.377,13.263,6.156,0,0,22.773,12.691,7.708,0.034,0
"eabf294e-4613-486b-b57d-875c93e85b8e","United States",1955,"Male",24.29,13.67,0.68,0.19,0,24.11,13.74,0.71,0.19,0
"f9a17c04-ae8e-455a-ae92-d1c2e9b2b3bb","United States",1955,"Male",29.9,15.83,2.47,0.12,0,30.27,16.41,2.4,0.11,0
"5f6b1d6d-56d9-41b6-bf81-76d9288a6a93","United Kingdom",1958,"Male",20.567,12.412,8.789,0.585,0,21.936,11.99,8.685,0.568,0
"335c05d6-6d18-4a1c-bd1a-4fae1cdff485","United States",1958,"Male",25.105,13.628,13.377,2.596,0,25.298,14.053,14.931,2.928,0
"a3ef3f4d-5ec1-42ed-ae65-62a80dc679c4","United States",1959,"Male",27.78,15.46,2.01,0.09,0,28.18,15.3,2.01,0.07,0
"0082cb8a-71cc-4ec1-b685-d775baed054c","United States",1959,"Male",22.77,11.559,11.017,1.456,1.907,22.672,11.369,11.388,1.08,1.898
"f14a0040-0666-48c1-9348-f4210712ffcf","United States",1960,"Male",24.73,13.04,8.09,0.26,0,22.55,12.95,5.97,0.28,0
"25a54e69-915f-4cdc-a381-8cef6a44be8f","United States",1960,"Male",22.977,12.921,7.984,0.649,0.05,22.763,12.374,10.511,0.789,0.052
"1e970860-c6a0-4a9b-b273-a21d18c2592d","United States",1960,"Male",22.009,12.005,9.273,0.71,0,22.485,12.767,10.8,0.48,0
"b7377292-a08b-4fe4-b9bf-71dcf61ee666","United States",1960,"Male",23.451,13.03,8.887,1.055,0,23.485,14.362,9.241,0.362,0
"9d20df97-5df0-4024-a143-daf9bfbf7aaf","United States",1960,"Male",24.25,12.671,13.358,2.467,0,23.758,12.631,14.311,2.6,0
"8114e750-607a-4d2a-9d9c-5f11cd49bd34","United States",1960,"Male",23.21,13.259,15.487,2.628,0,22.379,13.384,13.217,3.114,0
"9ccda804-3d31-4816-9a2a-58034faad81b","United Kingdom",1961,"Male",22.24,11.841,2.686,0,0,22.315,12.03,2.996,0,0
"9b5842e1-1090-4714-a46f-d8929e5c14dd","United Kingdom",1961,"Male",22.613,12.309,2.781,0.227,0,22.446,12.418,2.851,0.169,0
"bcef2447-ef29-4e82-87e2-1127b70e4d75","United Kingdom",1961,"Male",22.578,12.836,0.7,0.029,0,23.236,12.71,1.692,0.093,0
"6da1ce5c-e15e-4fac-97d6-177f407e5e74","United Kingdom",1961,"Male",23.604,13.251,0.901,0.107,0,23.45,13.226,0.693,0.136,0
"3fa76068-dcdd-48fa-adea-1722f18f96fb","United States",1961,"Male",26.71,15.03,0.96,0.21,0,25.21,14.8,1.16,0.2,0
"34943887-ad3d-4ba5-b630-23fd16e346eb","United States",1961,"Male",27.777,15.826,22.611,2.641,0,27.991,14.937,20.358,2.777,0
"1ac0d8fa-9434-43b5-958f-8bd8af8772c4","United Kingdom",1962,"Male",23.606,13.006,11.597,0.241,0,23.637,13.107,11.662,0.135,0
"a6ed17bd-420d-4bba-91d9-1bb7c578e23b","United States",1964,"Male",22.9,12.15,1.55,0.16,0,22.85,12.41,1.84,0.16,0
"34833d36-75e3-491b-9626-3ba096365654","United States",1964,"Male",24.35,13.58,2.89,0.34,0,25.57,13.7,2.25,0.32,0
"6fc7cea6-a05f-4b85-bf45-db2e283f835e","United States",1964,"Male",26.8,15.43,2.34,0.33,0,27.05,15.32,2.3,0.32,0
"f8983c1f-23ea-45d7-9973-752c6f4fbc46","United States",1964,"Male",25.576,13.638,12.393,1.628,0,25.512,14.518,10.727,1.799,0
"4c690752-875e-41c4-b63d-71a17a8df961","United States",1965,"Male",21.337,11.236,7.506,2.013,0,21.861,11.959,6.565,1.901,0.018
"9190db6c-6d16-47d1-90d7-6c11dbf7b5cb","United States",1965,"Male",22.329,11.887,3.595,0.376,0,22.644,11.809,3.619,0.414,0
"835de98e-4607-46dd-8521-96285cdee7a0","United States",1965,"Male",26.93,15.223,17.839,1.925,0,26.287,15.396,17.862,1.917,0
"9ab1b815-ae2e-4a96-8052-bf367f75595c","United States",1965,"Male",25.007,15.088,21.394,3.037,0.031,24.887,15.06,21.548,2.921,0.014
"d8e9f38d-631f-4809-a669-6a74f45650ff","United States",1965,"Male",22.404,12.411,7.975,0.627,0,23.049,12.125,4.431,0.228,0
"1cf4351a-2686-46c8-90df-4928dadc4f2b","United States",1965,"Male",18.33,9.84,9.39,1.25,0,18.24,9.5,8.99,1.2,0
"cd769678-3e07-4c5a-a648-01c6aa048780","Canada",1966,"Male",25.33,13.67,1.26,0.12,0,25.51,13.43,1.59,0.13,0
"84de2d79-60fd-40e9-b2f9-d18e70e6cc28","Canada",1966,"Male",26.75,14.78,1.53,0.24,0,25.78,14.79,1.35,0.28,0
"d185e079-2f88-4ece-89be-cf2e3fd4ee7e","Canada",1966,"Male",25.91,13.7,1.38,0.1,0,25.44,14.42,1.21,0.1,0
"10686e8d-7cb1-490d-925c-46429a9ccd05","Canada",1966,"Male",24.39,13.58,1.43,0.28,0,24.42,13.4,1.8,0.26,0
"c595e524-ccec-44b1-a567-37755cd2ac6e","Canada",1966,"Male",26.9,14.32,1.6,0.33,0,26.55,14.84,1.41,0.32,0
"fb9c1625-0da1-4257-a054-24264fa6c6be","Canada",1966,"Male",25.86,14.55,1.28,0.27,0,25.99,14.5,1.24,0.25,0
"e96489f4-f495-4c3d-8ec8-fce698cc65f4","Canada",1966,"Male",28.48,16,1.66,0.15,0,28.4,15.34,1.61,0.18,0
"7e609eee-c1cd-4d2f-9cc5-a139d38d015d","Canada",1966,"Male",27.33,15.38,2,0.42,0,27.11,15.88,2.11,0.44,0
"29305b96-a2c9-4f80-ac09-327a572df845","United States",1966,"Male",19.274,10.184,11.183,0.866,0,19.225,10.234,8.828,0.923,0
"6f695e0a-6da8-487c-bdb0-ae7b73616413","United States",1966,"Male",22.064,10.911,5.758,0.598,0,21.983,10.839,5.018,0.677,0
"f4dc4c83-0082-4ff7-abb0-2b67c11b9c9e","United States",1966,"Male",22.237,11.811,12.755,1.328,0,21.844,12.451,12.92,1.386,0
"6d249f3c-589c-4cb6-9755-9412bea42ab4","United States",1966,"Male",32.99,18.49,2.13,0.15,0,25.04,14.07,2.25,0.15,0
"e5b8fa82-9922-48a1-a8af-0909fb5fc64c","United States",1966,"Male",20.923,11.224,2.995,0.375,0,22.312,11.328,4.626,0.273,0
"c93f7f0d-c09b-4538-9b2b-409e639afb3e","United States",1966,"Male",29.763,17.019,40.142,3.462,0,29.647,16.893,37.947,3.434,0
"c834ba62-c607-4a3a-9c4b-481f0436afbd","United States",1966,"Male",29.615,16.123,21.388,3.398,0,29.471,16.276,22.09,3.676,0
"7159ca1b-a986-4278-aae0-3e9260161de2","United States",1966,"Male",16.69,9.44,6.54,0.496,0,16.56,9.31,7.24,0.442,0
"525c37a1-e125-4cc6-96ab-d4264f5d1fe4","United States",1966,"Male",15.3,8.17,7.19,0.782,0,15.56,8.54,6.67,0.709,0
"ef0ba787-4f21-4fbc-9ab7-fabf83d7f8a7","United States",1966,"Male",17.11,9.91,7.99,0.981,0,17.22,9.9,7.89,0.919,0
"81a712e1-629e-42ee-bbf2-b80552cc9a0a","United States",1966,"Male",18.2,9.98,8.67,0.65,0,18.23,10.08,9.07,0.827,0
"5d29cbbc-658f-4e3a-a1be-a5d8916bce87","United States",1966,"Male",17.39,10.23,8.71,0.761,0,17.34,10.07,8.45,0.821,0
"f4071536-32cc-4385-97c4-61ab055e4657","Canada",1967,"Male",26.21,14.64,2.23,0.28,0,26.49,14.27,2.16,0.22,0
"fe117686-087a-403b-8a16-06fbc28a27e3","Canada",1967,"Male",27.43,15.24,2.78,0.29,0,27.51,15.44,2.8,0.28,0
"136e6bd5-28b4-4fbb-9d61-ae8a595d23c1","Canada",1967,"Male",23.04,12.79,1.77,0.14,0,23.01,12.76,1.73,0.15,0
"43611dd1-c9d1-4f2c-85c7-b04b9588ecc2","United States",1967,"Male",26.633,14.289,19.103,3.139,0,26.332,13.854,15.295,3.473,0
"dd1a6bea-b6fe-4fac-a8d0-35799d189f5a","United States",1967,"Male",24.001,12.648,12.955,3.47,0,23.748,12.561,15.055,3.263,0
"ac72e8bb-0a0d-44ac-b9a1-fc58d00f3928","United States",1967,"Male",24.242,13.564,9.528,2.669,0,23.755,13.643,9.126,2.328,0
"d5da353d-16ba-4875-8b86-25acfa1d9985","United States",1967,"Male",23.756,12.367,14.407,2.604,0,23.209,13.277,12.502,2.604,0
"fffe4e7e-230a-4bb5-9f3f-3e7b3fa98f21","United States",1967,"Male",24.455,13.376,16.869,2.07,0,23.906,12.958,17.414,1.961,0
"1354cc2b-2bbd-40b7-aa9d-75404e4d7324","United States",1967,"Male",22.963,12.283,16.854,3.058,0,22.906,12.381,18.212,3.033,0
"61b47577-7a10-48c4-885e-0ac3e82429fa","United States",1967,"Male",27.15,15.56,4.97,0.21,0,27.89,14.78,3.67,0.21,0
"bb2c392c-7714-414c-b8af-e929d83939d4","United States",1967,"Male",25.88,14.62,1.87,0.2,0,25.87,15.25,1.8,0.22,0
"70f7aefd-3c48-46a4-93c5-4aa88ef98341","United States",1967,"Male",22.149,12.837,4.123,1.361,0,22.441,12.707,4.078,1.195,0
"6db097cb-e48d-43fc-8955-525bedb5bd6c","United States",1967,"Male",25.046,12.775,6.905,1.261,0,24.721,12.98,10.233,0.84,0
"291e39e1-70bc-4912-9fe9-4d4a674509c8","United States",1967,"Male",24.981,13.882,13.696,2.032,0,24.642,13.057,14.629,1.562,0
"c6005e17-2152-42b8-a5d4-061275c0a4c8","United States",1967,"Male",25.301,14.552,13.539,0.525,0,25.752,14.319,11.73,0.457,0
"22eb2f13-d340-4935-a4fb-cb55cab1b291","United States",1967,"Male",22.973,12.691,13.309,0.501,0,23.474,12.909,12.958,0.438,0
"1ced4020-d81e-4157-b0db-85766087ff05","United States",1967,"Male",23.102,12.946,14.363,0.442,0,23.228,12.742,13.426,0.424,0
"4fc5a9ab-436a-424f-b0a8-40d3fa253cd3","United States",1967,"Male",22.89,12.435,4.801,0.593,0,22.72,12.36,4.321,0.198,0
"6113806f-bebb-42bf-8f41-2389ea4a4744","United States",1967,"Male",25.682,14.034,20.305,3.401,0,25.339,13.924,19.394,3.458,0
"32e64fc2-f646-4662-af80-c27e2d2e9dbc","United States",1968,"Male",23.61,11.72,0.64,0.19,0,23.69,13.54,0.59,0.16,0
"5a849781-1322-4e56-b950-49a01c28e794","United States",1968,"Male",25.06,14.14,21.19,2.21,0,25.12,13.99,20.79,1.78,0
"db5a833e-c261-44b0-abbc-26746b62101d","United States",1968,"Male",24.968,14.54,14.321,4.055,0,24.547,14.787,13.757,3.775,0
"f47cd27f-34db-4e8c-aee8-109775e90288","United States",1968,"Male",27.77,15.792,3.037,0.171,0,28.554,15.219,2.507,0.117,0
"9ce53e16-d30b-4617-9dd6-15e37286d9ef","United States",1968,"Male",25.125,14.053,4.437,0.385,0,25.383,14.078,4.534,0.432,0
"cbb4e0e3-2f95-4cc3-a4ec-5afde05f523c","United States",1968,"Male",24.775,13.157,6.767,0.021,0,24.582,13.242,9.428,0.182,0
"fbe100eb-6467-4ac5-a606-7139b1e069d9","United States",1968,"Male",26.201,14.865,0.204,0.007,0,26.374,14.448,0.05,0.032,0
"ecaae36b-960b-4ed8-b0a4-31eb70cec537","United States",1968,"Male",24.744,14.111,20.32,2.557,0,24.836,13.884,19.24,2.27,0
"8ef5186b-22e7-477e-8fc1-122a01cf69af","United States",1969,"Male",26.255,14.443,15.346,2.411,0.136,27.401,15.208,22.212,1.669,0
"de7c17c8-57e1-4e3f-ac4b-c74397645234","United States",1969,"Male",26.621,15.423,21.221,3.624,0,26.01,15.336,23.362,3.579,0
"b7ba4a3a-9bdb-4a94-888b-31d42c9bbc3f","United States",1969,"Male",25.642,14.293,20.929,1.86,0,26.287,14.288,18.541,1.832,0
"5e880792-8b93-4964-a128-a5054905c356","United Kingdom",1970,"Male",24.953,13.805,22.389,2.743,0,24.801,13.582,20.935,2.721,0
"8717af2f-c9e2-4568-82e1-f50cf4f12eb0","United Kingdom",1970,"Male",21.481,11.483,1.308,0,0,21.931,11.248,1.701,0,0
"c84d8058-ecce-40cb-a3e8-980468a83dd8","United States",1970,"Male",23.592,12.538,18.978,1.961,0,23.503,13.387,19.382,1.972,0
"ea6e1684-308f-4a3f-be45-fb4781611c70","United States",1970,"Male",24.407,13.474,13.789,1.791,0,24.717,14.5,16.333,1.601,0
"fac01b78-a15d-46a3-a3dd-d014d2c64d77","United States",1970,"Male",24.507,12.681,8.974,0.806,0,23.753,12.872,7.604,0.935,0
"9e805e69-2b73-43b3-a25c-68051e533551","United States",1970,"Male",27.07,15.58,22.747,3.533,0,26.801,15.69,21.949,3.673,0
"5f7b1a24-e54d-4546-9ba0-90c60c07bf55","United States",1970,"Male",26.13,14.134,26.243,3.475,0,25.27,15.707,24.299,3.579,0
"b23f76c1-c611-44f2-8dae-1d98da21eb2a","United States",1970,"Male",26.356,14.699,34.636,0.739,0,26.516,15.307,28.32,0.657,0
"ae302705-1c17-4545-a0b6-96b13a722b5d","United States",1970,"Male",26.884,15.078,28.35,2.959,0,27.248,17.076,28.678,2.716,0
"f127cbd7-b6a6-43b5-ac46-5c155e010b5c","United States",1970,"Male",25.151,13.382,15.294,0.963,0,23.849,14.577,14.821,0.811,0
"12d6d4fa-837f-4a56-82b9-0ac0e131c861","United Kingdom",1971,"Male",24.224,14.354,20.046,1.905,0,24.212,14.371,20.904,2.852,0
"8f1e1b6b-9852-4fd9-b892-f20f4a92a706","United Kingdom",1971,"Male",21.3,11.5,1.946,0,0,21.12,11.316,1.887,0,0
"86b990cf-1e4e-411d-ac80-2577511953c3","United Kingdom",1971,"Male",20.744,12.229,11.404,0.979,0,22.164,13.165,16.054,1.882,0
"e0731aa8-7eb0-40f0-9749-ea9f54c5c7fa","United States",1971,"Male",14.88,8.42,3.91,0.123,0,14.92,8.28,3.93,0.03,0
"5930892b-5366-41e3-89a9-5f2351d93289","United States",1972,"Male",23.18,12.45,0.509,0.21,0,23.58,13.19,0.498,1.7,0
"04c38244-c41b-4473-9e09-88118abe8cdd","United States",1972,"Male",23.756,13.689,11.753,1.912,0,24.221,12.757,11.516,1.996,0
"e2b31d5a-05d2-4a6f-b476-c31bb1d40b22","United States",1972,"Male",24.871,13.335,5.7,1.422,0,24.496,13.977,4.185,1.802,0
"9cf495b9-086f-4666-90eb-764bfbfb7619","United States",1972,"Male",23.82,13.79,0.71,0.19,0,23.91,13.67,0.7,0.15,0
"a6642802-0e38-47b5-b116-438d9d2847cb","United Kingdom",1973,"Male",20.48,11.081,7.562,0.179,0,20.597,10.585,7.626,0.172,0
"f209f367-2772-499b-9f1c-b65b0a9c0017","United Kingdom",1973,"Male",21.958,12.784,7.536,0.019,0,23.94,12.899,9.155,0,0
"9706ce10-7764-4fe9-9fd7-cd7d98235e08","United Kingdom",1974,"Male",20.502,9.847,4.806,0,0,20.348,10.039,4.593,0.019,0
"a3618b9e-5b76-4ebe-8cb0-870aa37866ae","United States",1974,"Male",29.896,17.201,24.848,6.238,0,29.626,17.073,27.659,5.918,0
"ab5c39de-03ec-41f1-afe4-cf8862db71f3","United States",1974,"Male",28.305,16.128,25.905,3.756,0,27.904,16.449,25.922,4.334,0
"2c1139de-d650-4c4f-872e-6167b64181cc","Canada",1975,"Male",17.16,9.42,7.3,0.964,0,17.06,9.31,8.54,8.97,0
"55edd696-f606-45e1-9c8d-a41ee9e24a9e","United States",1975,"Male",27.464,0,9.834,1.502,0,27.473,13.914,9.351,1.292,0
"f32b8c5d-d541-45d2-931d-5e242fcac661","United States",1976,"Male",24.62,13.9,0.53,0.3,0,24.52,13.82,0.42,0.28,0
"b0fbf11a-6667-4aeb-b2e6-35306ad344fd","United States",1976,"Male",23.076,12.299,18.419,3.467,0,22.952,12.716,18.99,2.348,0
"73546100-d380-40ff-bab4-04cd3dd268bc","United States",1977,"Male",26.94,15.46,0.44,0.05,0,27.43,15.35,0.5,0.04,0
"04ee4ac7-7f55-4e99-8f14-f39e975565d2","United States",1977,"Male",22.42,12.8,0,0.2,0.04,22.45,12.98,0,0.21,0.05
"34700c3d-2a24-425d-9534-ccf99ad013c9","United States",1977,"Male",21.67,12.29,0,0.23,0.02,21.71,12.85,0,0.24,0.01
"98378fc2-69b8-4aa8-81c4-c52cedc5f185","United States",1977,"Male",27.4,15.65,1.09,0.13,0,27.59,16.15,0.8,0.13,0
"b97be71e-bf1e-4785-b6b1-ee7d3292b107","United Kingdom",1978,"Male",21.154,11.07,4.646,0.017,0,20.745,11.203,6.514,0,0
"3efd8c34-7ab5-4a90-86bb-189e6d7ff659","United States",1978,"Male",26.98,14.25,0.54,0.18,0,25.91,13.98,0.68,0.22,0
"2d1a787f-d6bd-428e-9e81-e16626fed602","United States",1978,"Male",25.64,14.74,3.88,0.14,0,26.9,14.3,3.97,0.17,0
"e991e8bd-8452-4ae7-8ebf-8a8b3125cfe7","United States",1978,"Male",27.6,14.35,1.56,0.29,0,27.7,13.68,1.81,0.27,0
"e878fa31-2de7-4843-893e-0b8c3f061361","United States",1978,"Male",26.83,15.41,1.44,0.13,0,27.05,15.38,1.46,0.13,0
"726f53e6-ba86-4f30-9733-19eb005ef6ff","United States",1978,"Male",26.31,15.77,1.73,0.27,0,27.31,15.14,1.62,0.25,0
"7b6a1f5a-68a6-46b6-82af-09596ff0ff59","United States",1978,"Male",28.26,16.28,3.9,0.31,0,27.15,15.68,3.33,0.28,0
"5135a5c2-ebbd-498e-b28c-d3f9083b1b30","United States",1978,"Male",25.38,14.25,2.28,0.21,0,25.2,14,2.22,0.18,0
"09c859fe-ffee-4606-baf0-050179de6825","United States",1978,"Male",25.79,14.23,2.28,0.09,0,24.78,13.15,2.19,0.09,0
"dd65758a-f688-4a94-a90a-0d5bb2186b03","United States",1978,"Male",25.52,15.25,1.55,0.02,0,26.3,15.14,1.41,0.02,0
"c84b49fe-91cb-4add-b10b-763ddba88243","United States",1978,"Male",25.59,14.75,3.33,0.29,0,26.89,15.64,2.87,0.28,0
"296e0dac-b70a-4724-8d47-81b307a2bb85","United States",1978,"Male",25.572,13.675,3.586,1.679,0,25.867,13.098,4.186,1.685,0
"ca9a47f9-ca97-4ba5-aa8a-84a2f0e62d7d","United States",1980,"Male",22.62,12.64,0.37,0.08,0,22.39,13.35,0.43,0.1,0
"fb143328-9ee6-41c8-8c61-c0964e2da12a","United Kingdom",1981,"Male",23.419,13.794,5.301,0.736,0,23.64,13.676,7.575,1.02,0
"41a2b760-faea-4f06-9cc7-66da8b191cd5","United States",1981,"Male",24.299,13.563,9.357,2.695,0.07,24.078,11.627,5.31,2.597,1.084
"71c94682-245a-4ffe-8632-129b6611c47b","United States",1981,"Male",24.616,14.959,2.246,2.964,0.081,26.139,14.759,3.368,2.834,0.109
"ba2cfea7-341f-42f9-bd7d-96afa0103392","United States",1982,"Male",25.81,14.346,18.831,2.516,0.009,26.191,14.252,15.522,2.431,0.031
"43ce3edf-ad34-4e88-9c3d-735765426fc1","United States",1982,"Male",27.096,15.498,27.986,3.665,0.422,27.161,16.259,29.572,3.594,1.15
"b55e6770-79d2-45d0-910d-07c058fbb5e7","United States",1982,"Male",25.016,15.079,20.238,4.216,0,25.16,15.094,16.235,3.38,0
"d2538251-0438-44e7-85ac-a762f3ecf86c","United States",1982,"Male",26.552,16.066,19.019,5.051,0,26.891,16.006,24.208,4.439,0
"b5cf5185-8a6c-4ef2-8a18-b4b49090c973","United Kingdom",1985,"Male",27.355,15.832,6.797,1.029,0,27.142,15.533,7.194,1.501,0
"94f8f0f0-4fcb-49ab-a3ee-53adb43d863c","United Kingdom",1986,"Male",22.84,12.46,3.434,0.481,0,22.202,12.46,4.542,0.568,0
"aec6a23a-dad0-4729-a086-874d58b97bf5","United States",1988,"Male",25.06,13.53,1.1,0.08,0,25.68,13.76,1.69,0.07,0
"d8e53473-034a-431e-bc98-6c431c377c39","United States",1989,"Male",24.182,14.397,10.792,2.137,0,24.13,14.397,9.703,1.637,0.091
"a50b009c-6086-431e-be86-6a482aa7fadf","United Kingdom",1995,"Male",25.004,14.285,14.314,2.514,0,24.795,14.401,16.598,2.381,0
"dbb9becc-39e1-43b9-9046-618dfdd96c35","United States",1998,"Male",26.62,15.04,0.57,0.24,0,26.77,15.38,0.55,0.29,0
"7bab177a-47c0-41bd-9918-075820769dfb","United States",1999,"Male",24.59,13.75,0.96,0.11,0,24.19,13.67,0.72,0.12,0
"a77beb00-2bcf-4dde-8d8d-b054637a07c3","United States",1999,"Male",24.048,14.186,2.654,0.388,0,23.826,14.333,2.61,0.479,0
"8531985d-0156-4ca6-8cbf-15876ca95f3b","United States",2000,"Male",24.696,14.231,9.257,2.582,0,25,14.456,11.044,2.77,0
"7f668095-a43c-413a-8564-11bb922fdd06","United States",2000,"Male",22.631,12.044,4.39,1.457,0.017,21.848,12.051,9.298,1.547,0.007
"ccfe1f38-d049-4190-a0ae-fc5e5a919297","United States",2000,"Male",25.97,14.53,1.78,0.24,0,24.39,14.01,0.93,0.22,0
"8bc54bc1-3eca-44b7-a550-6f1df76c8b99","United States",2005,"Male",24.25,13.45,1.19,0.26,0,23.73,13.67,1.21,0.24,0
"e0830862-f03c-4e51-8fa6-595b31496c2f","United States",2005,"Male",22.58,12.71,9.85,0.742,0,22.09,13.14,9.77,0.795,0
"6905d06f-99f3-4e3c-9609-457cfd6421ad","United States",2008,"Male",26.211,15.11,10.012,1.471,0,25.696,14.703,13.856,1.631,0
"4f3b3152-2a51-478f-81b5-f0d726d3ba8c","United States",2015,"Male",25.58,14.085,6.847,1.882,0,25.199,13.794,11.31,2.073,0
"2feb9a85-ba0d-438f-9c2c-a06b4d19d695","United States",2015,"Male",20.942,13.746,8.747,2.168,0,24.044,14.324,9.702,2.487,0
"b93ab71f-1555-45b5-b168-f31598e4998d","United States",2015,"Male",24.01,12.935,1.234,5.742,0,22.492,13.363,0.06,1.052,0
"0bb8bc31-7fdf-4f11-8337-e2d6288b685e","United States",2015,"Male",20.619,13.617,8.602,2.166,0,22.925,14.429,8.994,2.489,0
"c9c26927-3545-4722-ade0-be61a2bae161","United States",2015,"Male",22.736,13.39,10.142,1.387,0,22.736,11.498,7.522,1.513,0
"33627bf9-ec60-4f5d-882f-f6ec39fb4ebb","United States",2015,"Male",17.501,11.976,4.167,0.911,0,19.547,11.706,5.504,1.079,0
"d34e7dab-a8a1-44b9-b1f0-125dc4bd496b","United States",2015,"Male",23.806,13.36,16.948,1.985,0,23.011,13.267,15.99,1.961,0
"c07ef479-98b0-4c2a-a012-8e7eeb440d47","United States",2016,"Male",24.154,13.513,7.694,0.036,0,24.697,13.9,9.721,0.166,0
"0ad59713-24a8-4cd5-8b35-00421b5009b2","United States",2016,"Male",23.825,13.693,3.967,1.524,0,21.091,12.208,2.457,1.244,0
"10c65978-baa4-463d-ba20-d7deff7d82e6","United States",2016,"Male",26.94,15.34,0.54,0.3,0,26.72,14.47,0.56,0.25,0
"05113b7c-3850-4af4-af82-2a5ce1fcfbfd","United States",2016,"Male",23.285,14.083,2.988,2.088,0,23.891,13.729,2.137,1.334,0
"9dbe9d27-1c6c-492c-8887-01b9a0dc2f62","United Kingdom",1914,"unknown",21.683,11.842,5.212,0,0,21.563,11.813,5.082,0,0
